Geography,"St. John's, Newfoundland and Labrador [10001] ","St. John's, Newfoundland and Labrador [10001] ","Charlottetown and Summerside, Prince Edward Island [11105 11110] ","Charlottetown and Summerside, Prince Edward Island [11105 11110] ","Halifax, Nova Scotia [12205] ","Halifax, Nova Scotia [12205] ","Saint John, New Brunswick [13310] ","Saint John, New Brunswick [13310] ","Québec, Quebec [24421] ","Québec, Quebec [24421] ","Montréal, Quebec [24462] ","Montréal, Quebec [24462] ","Ottawa-Gatineau, Ontario part, Ontario/Quebec (5) [35505] ","Ottawa-Gatineau, Ontario part, Ontario/Quebec (5) [35505] ","Toronto, Ontario [35535] ","Toronto, Ontario [35535] ","Thunder Bay, Ontario (3) [35595] ","Thunder Bay, Ontario (3) [35595] ","Winnipeg, Manitoba [46602] ","Winnipeg, Manitoba [46602] ","Regina, Saskatchewan [47705] ","Regina, Saskatchewan [47705] ","Saskatoon, Saskatchewan [47725] ","Saskatoon, Saskatchewan [47725] ","Edmonton, Alberta (4) [48835] ","Calgary, Alberta (4) [48825] ","Vancouver, British Columbia [59933] ","Vancouver, British Columbia [59933] ","Victoria, British Columbia [59935] ","Victoria, British Columbia [59935] ","Victoria, British Columbia [59935] ","Victoria, British Columbia [59935] "
Type of fuel,Regular unleaded gasoline at full service filling stations (6),Household heating fuel,Regular unleaded gasoline at full service filling stations (6),Household heating fuel,Regular unleaded gasoline at full service filling stations (6),Household heating fuel,Regular unleaded gasoline at full service filling stations (6),Household heating fuel,Regular unleaded gasoline at full service filling stations (6),Household heating fuel,Regular unleaded gasoline at full service filling stations (6),Household heating fuel,Regular unleaded gasoline at full service filling stations (6),Household heating fuel,Regular unleaded gasoline at full service filling stations (6),Household heating fuel,Regular unleaded gasoline at full service filling stations (6),Household heating fuel,Regular unleaded gasoline at full service filling stations (6),Household heating fuel,Regular unleaded gasoline at full service filling stations (6),Household heating fuel,Regular unleaded gasoline at full service filling stations (6),Household heating fuel,Regular unleaded gasoline at full service filling stations (6),Regular unleaded gasoline at full service filling stations (6),Regular unleaded gasoline at full service filling stations (6),Household heating fuel,Regular unleaded gasoline at full service filling stations (6),Regular unleaded gasoline at self service filling stations,Diesel fuel at self service filling stations,Household heating fuel
Jan-79,26,,24.6,,23.4,,23.2,,22.6,,22.6,,22.8,,23,,22.7,,22,,22.8,,22.7,,18.3,18.7,21.8,,,,,
Feb-79,26.2,,24.8,,23.6,,23.6,,22.7,,22.6,,22.8,,23.2,,22.7,,20.9,,22.8,,22.9,,18.5,18.9,21.7,,,,,
Mar-79,26.2,,24.9,,23.5,,23.6,,22.8,,22.7,,22.9,,23.2,,22.9,,19.6,,22.7,,22.9,,18.4,18.9,22.2,,,,,
Apr-79,26.3,,25.1,,23.9,,23.8,,23,,22.7,,23.6,,23.4,,23.4,,20.4,,21.1,,23.1,,18.4,19.1,22.7,,,,,
May-79,26.5,,25.3,,24,,23.9,,23.2,,22.9,,23.5,,23.4,,23,,22.4,,22.7,,23.2,,18.6,19.2,22.7,,,,,
Jun-79,26.5,,25.4,,24,,23.9,,23.3,,22.9,,21.3,,23.2,,22.6,,22.6,,21.9,,23,,18.6,19,22.7,,,,,
Jul-79,26.7,,25.5,,24,,24.2,,23.8,,23.6,,23.6,,23.7,,24.1,,22.8,,23,,23.4,,18.8,19.1,22.9,,,,,
Aug-79,26.9,,25.6,,24.5,,24.2,,24.2,,23.9,,23.9,,23.8,,24.2,,21,,23,,23.4,,18.8,19.2,23.2,,,,,
Sep-79,28.3,,26.7,,25.4,,25.3,,25.3,,25.1,,25.1,,25.1,,25.8,,24.6,,25.1,,25.1,,19.7,20.3,24.3,,,,,
Oct-79,28.6,,26.9,,25.4,,25.3,,25.6,,25.3,,25.3,,25.6,,25.8,,24.8,,25.1,,25.4,,19.8,20.5,24.4,,,,,
Nov-79,28.9,,27.2,,26.3,,25.6,,26,,25.7,,25.9,,25.9,,26,,24.9,,25.4,,25.6,,20.1,20.9,24.5,,,,,
Dec-79,29.6,,27.8,,26.2,,25.9,,26.6,,26.3,,26.7,,26.7,,26.6,,25.5,,26,,26.3,,20.9,21.5,25.4,,,,,
Jan-80,30.2,,27.8,,26.2,,25.9,,26.6,,26.3,,26.8,,26.7,,26.7,,25.4,,26,,26.3,,21.3,21.3,25.6,,23.8,,,
Feb-80,30.2,,27.8,,26.6,,25.9,,26.6,,26.5,,26.9,,26.9,,26.7,,25.5,,25.9,,26.2,,21.3,21.3,25.6,,24.3,,,
Mar-80,30.8,,28.9,,27.8,,26.7,,27.6,,27.4,,27.6,,27.7,,27.6,,26.2,,26.8,,27,,21.9,22.2,26.5,,25.3,,,
Apr-80,31.1,,29,,27.9,,26.7,,28,,27.6,,27.7,,28.1,,27.7,,26.4,,26.7,,27.3,,21.9,22.2,27.3,,25.3,,,
May-80,31.8,,29.7,,28.4,,27.2,,28.4,,28.2,,28.1,,28.4,,28.1,,26.8,,27.3,,27.6,,22.3,22.9,27.7,,25.8,,,
Jun-80,31.8,,30.1,,28.4,,27.3,,28.4,,28,,28.2,,28.5,,28.1,,26.8,,27.3,,27.6,,22.4,23,27.9,,25.8,,,
Jul-80,32.4,,30.1,,28.9,,27.8,,29,,28.9,,28.5,,29,,27.2,,27.5,,27.8,,28.2,,23.2,23.5,28.5,,25.8,,,
Aug-80,32.7,,31,,29.1,,28.3,,29.6,,29.4,,28.8,,29.1,,28.8,,27.5,,27.7,,28.3,,23.2,23.6,28.7,,26.4,,,
Sep-80,32.7,,31.1,,29.1,,28.3,,29.8,,29.4,,29,,29.1,,28.8,,26.6,,27.7,,28.3,,23.2,23.5,28.8,,26.4,,,
Oct-80,34.4,,33.2,,30.9,,30,,31.6,,31.2,,30.9,,30.8,,30.4,,29.4,,29.6,,29.9,,24.6,25.2,31,,28.6,,,
Nov-80,35.3,,34.4,,31.5,,30.7,,32.8,,32.4,,31.7,,31.8,,31.7,,30.6,,30.7,,30.9,,25.4,26.1,31.7,,29.1,,,
Dec-80,35.4,,34.6,,31.5,,30.9,,32.8,,32.5,,31.8,,31.9,,31.9,,27.9,,31,,31.2,,25.5,26.2,31.7,,29.3,,,
Jan-81,37.6,,36.7,,33.4,,32.6,,34.8,,34.4,,33.7,,33.6,,33.8,,32.5,,33,,33.1,,27.4,28.2,33.8,,31.3,,,
Feb-81,37.6,,37.2,,33.4,,32.9,,35.3,,34.9,,33.8,,33.8,,33.8,,30.6,,33.4,,33.5,,27.7,28.2,33.7,,31.3,,,
Mar-81,39.8,,39.4,,35.6,,34.7,,37.1,,36.8,,35.8,,35.9,,35.4,,35.4,,35.5,,35.1,,29,29.8,37.3,,33.4,,,
Apr-81,40.6,,41,,35.6,,34.9,,37.6,,37.3,,35.9,,36.1,,35.5,,32.2,,35.5,,35.1,,29,29.8,37.1,,35,,,
May-81,41.7,,41,,37.1,,36,,38.6,,38.4,,36.7,,37.1,,36.6,,32.7,,36.8,,36.4,,29.6,30.7,38.5,,36,,,
Jun-81,43.9,,43,,38.8,,37.8,,40.7,,40.7,,39.9,,40.1,,39.6,,38.5,,39.1,,38.6,,31.6,32.4,40.6,,37.9,,,
Jul-81,43.8,,43.4,,38.8,,38.6,,41.1,,41,,40.5,,40.9,,40.2,,38.5,,39.4,,38.9,,31.8,32.2,40.2,,37.7,,,
Aug-81,43.8,,43.4,,38.8,,38.8,,41.1,,41,,40.3,,40.9,,40.3,,38.5,,39.3,,39,,31,32,39.7,,37.7,,,
Sep-81,45.9,,45,,40.4,,40.4,,42.6,,42.3,,41.7,,42.2,,41.8,,39.9,,40.6,,40,,33.3,34.5,42,,39.4,,,
Oct-81,45.9,,45.6,,40.4,,40.7,,43,,42.5,,42,,42.7,,42.1,,39.6,,41.1,,40.3,,33.7,34.7,42.2,,39.6,,,
Nov-81,46.3,,45.6,,40.4,,40.8,,43,,42.8,,42,,42.6,,42.2,,38.7,,41.1,,40.4,,34,34.7,42.2,,39.4,,,
Dec-81,46.9,,46.1,,40.9,,41.3,,50.6,,50.3,,42.2,,43.3,,42.3,,38.7,,41.7,,41,,34.6,35,42.6,,39.8,,,
Jan-82,46.9,,46.4,,40.9,,41.1,,50.7,,50.1,,42.2,,43.8,,42.7,,38.3,,41.7,,41.1,,34.4,35.2,42.9,,40.1,,,
Feb-82,46.9,,46.4,,40.9,,41.2,,50.7,,49.6,,42.2,,43.4,,42.1,,37.8,,41.7,,41.3,,34.4,35.2,42.5,,40.4,,,
Mar-82,49.8,,49.2,,43.8,,43.9,,51.2,,50.2,,44.8,,45.6,,44.2,,42.5,,44.2,,43.9,,36.7,37.4,44.3,,42.3,,,
Apr-82,49.9,,49.7,,43.8,,44.4,,51.9,,50.6,,44.7,,45.2,,44.4,,40.1,,44.1,,43.9,,36.5,37.2,44.2,,42.3,,,
May-82,50.2,,49.7,,46.9,,44.6,,53.5,,52.8,,46.2,,45.3,,44.8,,42.8,,37.6,,37.5,,36.1,35.8,44.2,,42.3,,,
Jun-82,50.3,,49.7,,46.9,,44.5,,53.3,,52.9,,46.3,,44.6,,44.9,,42.2,,37.4,,37.5,,37.1,37.7,44.8,,42.6,,,
Jul-82,50.3,,49.7,,46.9,,44.5,,53,,52.8,,46.3,,44.4,,44.4,,39.4,,37.4,,37.5,,37.1,37.8,45.5,,43.2,,,
Aug-82,50,,49.7,,46.9,,44.3,,54.4,,54.3,,46.1,,45.5,,44.6,,38.8,,37.4,,37.5,,37.1,37.6,45.6,,43.2,,,
Sep-82,52.9,,52.2,,49.9,,46.7,,56.7,,56.7,,48.4,,47.6,,47.7,,43.1,,39.7,,40,,39.2,40.1,47.8,,45.3,,,
Oct-82,53.2,,52.6,,49.8,,47.2,,56.1,,56.6,,48.1,,47,,44.5,,39.3,,39.5,,39.7,,36.2,38.2,46.4,,43.2,,,
Nov-82,53.3,,52.6,,49.9,,47.3,,57.3,,57.6,,49,,48.3,,45.5,,43.2,,33.4,,34.8,,33.7,39.2,45.3,,44.2,,,
Dec-82,53.3,,52.9,,49.9,,47.3,,56,,57.5,,48.3,,48.4,,44.2,,46,,36.3,,37.8,,33.1,35.5,42.4,,39.3,,,
Jan-83,52.4,,51.5,,48.4,,46,,54.7,,53.9,,46.8,,47.9,,39.9,,37.7,,34.9,,37.6,,36.4,37.8,44.5,,41.3,,,
Feb-83,52,,50.9,,48.3,,46,,50.4,,50.8,,39.9,,45.3,,39.6,,44.1,,37.6,,37.6,,33.7,37,41.6,,42.2,,,
Mar-83,55.4,,54.3,,51.3,,49.5,,57.6,,57.2,,48.9,,48,,50.7,,45.9,,40.8,,41.1,,40.2,41.3,49.7,,46.5,,,
Apr-83,56,,54.9,,51.3,,49.8,,56.4,,55.2,,43.9,,40.3,,44.4,,49.5,,40.6,,41.1,,41.3,42.2,49.9,,47.6,,,
May-83,55.7,,54.9,,51.2,,51.4,,53.1,,53.2,,37.2,,34.1,,26.4,,49.5,,41.6,,42.3,,40.4,42.2,45.5,,46,,,
Jun-83,55.7,,54.8,,51.8,,51.5,,57.9,,57.7,,48.7,,48.3,,48.5,,48.3,,37,,42.3,,40.1,42.4,48.2,,44.8,,,
Jul-83,56.2,,55,,52,,51.8,,57.9,,57.7,,49.2,,49,,48.5,,49,,42.2,,42.8,,41.6,42.7,48.3,,45.8,,,
Aug-83,56.2,,55.1,,52.2,,52,,57.8,,58.4,,50.6,,50.7,,50.1,,49.3,,42.2,,43,,41.7,42.8,50.6,,45.8,,,
Sep-83,56.5,,55.3,,52.2,,52,,56.3,,58.8,,50,,50.2,,47.1,,49.3,,42.2,,43,,41.7,42.8,50.6,,44.8,,,
Oct-83,56.4,,55.3,,52.2,,52.1,,55.3,,56.9,,48.5,,47.9,,41.2,,49,,42.2,,43,,41.7,42.9,51.7,,48.5,,,
Nov-83,56.6,,55.3,,52.2,,52.1,,55.2,,57.9,,46,,45.3,,46.4,,49.2,,42.2,,43,,41.8,42.9,51.7,,45.8,,,
Dec-83,56.6,,55.3,,52.2,,51.8,,55.7,,55.9,,50.6,,50.2,,50.4,,48.8,,42.2,,43,,41.8,42.9,51.4,,45.3,,,
Jan-84,57.4,,56.1,,53,,52.4,,56.7,,57,,51.1,,51.3,,49.8,,49.9,,43.2,,43.8,,42.6,43.3,52.1,,50.2,,,
Feb-84,57.5,,56.3,,53,,52.6,,56.6,,57,,50.9,,51.6,,48.6,,48.7,,43.2,,43.8,,42.6,43.7,51.9,,50.2,,,
Mar-84,57.5,,56.5,,53.2,,52.5,,56.8,,57.1,,49.2,,46.6,,51.4,,49,,43.2,,43.8,,42.6,43.7,51.9,,50.1,,,
Apr-84,57.5,,56.5,,53.2,,52.2,,52.9,,57.1,,50.8,,47.4,,50.3,,48.7,,43.2,,43.8,,42.6,43.7,51.3,,50.2,,,
May-84,57.5,,56.5,,53.2,,52.2,,55.8,,57.1,,49.4,,46.1,,47.3,,46.5,,43.2,,43.7,,40.1,43.7,51.8,,50.1,,,
Jun-84,57.4,,56.5,,53.2,,51.4,,55.9,,57.1,,48.8,,48.7,,45.3,,49.9,,43.2,,43.7,,37.9,43.7,48.7,,50.1,,,
Jul-84,58.1,,57.2,,53.9,,52,,53.6,,57.6,,51.6,,50.7,,45.2,,50.9,,43.8,,44.3,,43.1,44.1,52,,50.1,,,
Aug-84,58.2,,57.3,,53.9,,49.9,,53.3,,57.6,,48.1,,47.5,,48.4,,48.9,,43.8,,44.3,,43.1,44.2,51.9,,50.1,,,
Sep-84,58.1,,57.3,,53.9,,48.7,,57.8,,57.6,,46.8,,48.1,,47,,45.3,,43.8,,44.3,,43,43.4,51.9,,50.1,,,
Oct-84,58.2,,57.7,,54.4,,49.9,,58.3,,58.4,,49.3,,45.2,,46.6,,50.7,,44.2,,44.6,,43.4,42.8,52.1,,50.3,,,
Nov-84,59,,58.2,,55.4,,51.4,,56.8,,60,,51.4,,50,,50.5,,47.3,,45.1,,45.7,,42.8,43.5,53.6,,51.6,,,
Dec-84,60.4,,60,,56.9,,54.9,,59.9,,61,,51.8,,50.5,,51.1,,45.8,,46.3,,46.8,,43.1,44.7,54.6,,52.7,,,
Jan-85,61.4,,60.7,,57.9,,55.9,,56.7,,61.6,,53,,52.9,,53.5,,50,,47.2,,47.7,,44,45.1,55.5,,53.5,,,
Feb-85,61.8,,61.1,,58,,56.9,,56.8,,62,,53.4,,51.8,,53.3,,45.8,,47.7,,47.8,,44.5,45,54,,55.1,,,
Mar-85,62,,59.8,,58.1,,57.3,,59.1,,62,,52.9,,51.5,,54.1,,49.1,,47.7,,47.8,,44.6,45,49.4,,55.1,,,
Apr-85,62.3,,58.9,,58.2,,53.7,,57.6,,61.5,,53.5,,50.5,,53.7,,53.3,,48,,47.8,,46.8,44.9,56.1,,55.3,,,
May-85,62.3,,58.8,,58.2,,52.3,,57.3,,59.7,,53.4,,48.4,,53.1,,53.3,,48,,47.8,,46.8,45.7,56.1,,55.3,,,
Jun-85,62.1,,58.4,,57.8,,51.2,,55.1,,59.1,,52.7,,48.7,,52.6,,52.5,,47.5,,47.3,,46.3,46.9,55.5,,54.7,,,
Jul-85,61.9,,58.2,,57.7,,51,,55.4,,59.1,,51.8,,47,,52.5,,50.5,,47.4,,47.2,,44.3,46.8,55.7,,50.5,,,
Aug-85,61.9,,58.2,,57.6,,53.5,,54.8,,59,,50.8,,48.9,,52.6,,48,,42.6,,47.2,,42.3,46.8,55.5,,51.7,,,
Sep-85,63.9,,60.3,,59.5,,57.9,,59.4,,60.6,,54.2,,52.3,,54.5,,53.8,,45.7,,49.2,,43.5,48.1,57.6,,49.7,,,
Oct-85,64.5,,60.8,,59.5,,60.9,,58.1,,60.5,,54.5,,52.6,,55.1,,55.5,,45.9,,49.4,,45.3,48.6,57.6,,57.2,,,
Nov-85,64.7,,60.8,,59.5,,60.9,,61.6,,61.3,,55,,53.4,,53.5,,54,,46.3,,49.4,,46.4,48.6,57.5,,57.2,,,
Dec-85,65.3,,61.1,,59.9,,62.3,,61.9,,61.7,,55.4,,53.8,,55.5,,55.4,,46.7,,50.1,,46.8,49,57.8,,57.2,,,
Jan-86,66.3,,61.7,,59.9,,63.3,,62.2,,61.8,,56,,53.5,,56.5,,56,,47.1,,50.5,,47,49.4,58.7,,60.3,,,
Feb-86,66.7,,61.8,,59.5,,63.4,,62.7,,62.4,,56,,54.1,,56.4,,55.9,,47.1,,50.6,,47.1,49.3,57.7,,59.3,,,
Mar-86,63.9,,59,,56.7,,60.4,,60.6,,59.7,,53.2,,50.2,,53.1,,53,,44.1,,47.5,,44.2,46.2,55.2,,54.7,,,
Apr-86,59.4,,54.7,,52.9,,56.5,,55.2,,54.6,,49.3,,44.2,,48.9,,47.9,,35.7,,41.9,,39.2,40.1,47.9,,48.3,,,
May-86,57.3,,53,,51.9,,55.4,,54.3,,53.6,,48.2,,41.6,,47.8,,47,,33.6,,40.9,,38.2,39,46.6,,46.6,,,
Jun-86,55.5,,50.8,,48.6,,52.8,,52.6,,51.6,,48.1,,43.9,,47.2,,47,,40.3,,40.9,,38.3,38.9,45.2,,40.2,,,
Jul-86,55.1,,50.2,,48.5,,48.9,,52.5,,51.6,,47.9,,44.7,,45.9,,47,,38.3,,40.9,,38.3,38.7,42.8,,42.3,,,
Aug-86,54,,50.1,,48.5,,46.9,,52.3,,51.6,,46,,44,,45.8,,47,,36.3,,40.9,,38.1,38.7,42.5,,42.3,,,
Sep-86,53.9,,50,,48.5,,46.9,,51.6,,51.7,,44.9,,42.4,,45.2,,47,,37.2,,40.9,,38.1,38.7,42.5,,42.2,,,
Oct-86,53.9,,49.9,,48.3,,46.6,,51.2,,51.5,,44.7,,42.3,,43,,46.7,,34.6,,40.8,,38,38.6,41.9,,42.1,,,
Nov-86,54.2,,50.3,,49.2,,47,,52.8,,53.5,,45.4,,43.2,,44.5,,46.7,,32.9,,40.7,,36.1,38.5,43.4,,43.1,,,
Dec-86,54.8,,51.9,,50.5,,47.3,,52.1,,53.5,,46.4,,44.3,,43,,46.7,,31.2,,40.6,,36,38.5,43.4,,42.2,,,
Jan-87,55.8,,52.7,,51.2,,45.4,,52.7,,54.3,,47.4,,44.3,,44.5,,47.5,,36.2,,41.4,,38,39.3,44.5,,36.2,,,
Feb-87,56.1,,53.2,,51.7,,44.8,,53,,54.9,,47.9,,46.1,,46.9,,48,,42.1,,41.4,,39.6,39.8,47.1,,34.7,,,
Mar-87,57.2,,54,,52.7,,47.9,,55.6,,57.1,,50.2,,46.2,,47.1,,48.5,,43,,43.5,,40.8,41,48.4,,48.3,,,
Apr-87,56.8,,54,,49.9,,50.5,,55.6,,57.1,,50.2,,47.2,,47.4,,48.3,,42.4,,43.4,,41,41.3,50.4,,48.9,,,
May-87,56.7,,53.8,,49.9,,49.4,,57.3,,57.1,,50.2,,47.9,,47.6,,48.3,,42.3,,43.4,,40.8,40.8,50.4,,49,,,
Jun-87,56.6,,53.8,,49.3,,48.9,,57,,57.1,,51,,48,,48.7,,48.3,,42.3,,42.2,,46,46.1,50.4,,48.8,,,
Jul-87,56.5,,53.8,,49,,48.9,,57,,57.4,,51.4,,50,,49.6,,48.2,,48.2,,50.6,,46.4,46,51,,49.4,,,
Aug-87,56.5,,53.7,,48.9,,48.8,,57.8,,58,,51.7,,50.1,,51.8,,48.9,,50.3,,51.1,,46.7,45.2,51.6,,50,,,
Sep-87,56.5,,53.7,,48.9,,48.7,,57.9,,58,,52.2,,51.3,,52.7,,48.3,,47.1,,51.1,,47.8,44.2,52.7,,50.8,,,
Oct-87,56.5,,53.7,,48.9,,51.2,,57.8,,58,,52.2,,49.8,,52.2,,44.3,,42.6,,47.6,,47.6,48.5,53.1,,51.5,,,
Nov-87,56.5,,53.7,,51.1,,50.8,,57.7,,58,,52.1,,50.1,,51.9,,49.2,,50.4,,51.2,,46.9,46.4,53,,51.4,,,
Dec-87,56.5,,53.7,,51.5,,50.7,,57.5,,58,,52.1,,49.6,,51.8,,48.1,,50.4,,51.2,,47,46.7,51.2,,51.3,,,
Jan-88,56.5,,53.7,,51.6,,51.1,,56.8,,58.1,,52.1,,48.9,,51.8,,49.4,,50.4,,51.2,,42,45.4,52,,50.2,,,
Feb-88,56.5,,53.8,,51.6,,50.3,,56.7,,58.1,,52.1,,49,,51.7,,43.9,,50.4,,51.2,,40,37.6,46,,43.2,,,
Mar-88,56.3,,53.8,,50.8,,49.6,,55.6,,57.1,,51.5,,47.2,,51.6,,44.3,,48.4,,49.2,,40.1,37.9,48.2,,41.3,,,
Apr-88,55.9,,52.8,,51,,50.8,,55.9,,57.7,,51.4,,47.3,,52.9,,45.8,,47.6,,48.2,,45.1,45.2,49.7,,45.4,,,
May-88,55.9,,53,,51,,50.9,,55.8,,57.7,,52.5,,48.6,,53.4,,43.7,,45.6,,48.2,,44.4,44.6,49.4,,45.6,,,
Jun-88,55.9,,53.1,,51,,50.9,,55.6,,57.5,,52.4,,50.4,,53.3,,46.3,,47,,47.5,,42.4,43.5,44.9,,46.3,,,
Jul-88,55.9,,53.1,,51,,51.2,,55.9,,57.5,,52.2,,50.3,,53,,42.9,,46.3,,46.7,,41.8,40.7,49.8,,46.4,,,
Aug-88,55.1,,52.5,,50.3,,50.6,,55.1,,56.4,,52.2,,47.6,,52.9,,46.4,,46.1,,46.7,,40,40.3,44.9,,45.8,,,
Sep-88,54.8,,51.9,,49.7,,50,,54.8,,56.3,,50.9,,47.6,,52.9,,46.6,,41,,45.2,,41.4,41.6,49,,45.5,,,
Oct-88,54.9,,51.8,,49.5,,49.9,,54.8,,56.3,,50.7,,46.9,,53,,46.6,,45.4,,45.2,,40.5,41.6,47.8,,44.5,,,
Nov-88,53.9,,51.9,,48.2,,48.4,,52.9,,54.8,,50.6,,46.5,,52.9,,46.5,,43.6,,44.4,,37.7,38.7,47.8,,44.7,,,
Dec-88,53.5,,50.4,,48.2,,48.3,,52.9,,54.5,,50.6,,46.7,,52.1,,44.9,,40.5,,42.6,,38.2,37.2,47.8,,44.4,,,
Jan-89,53.2,,50.2,,47.9,,49.9,,52.8,,54.6,,50.6,,47.6,,51.8,,44.9,,40.2,,41.6,,37.7,35.2,48.4,,44.7,,,
Feb-89,53.2,,50.2,,47.8,,49.9,,53.3,,54.5,,50.5,,47.8,,51.7,,44.8,,46.2,,47.3,,36.1,37.7,48.5,,45.1,,,
Mar-89,53.6,,50.2,,48.3,,50.3,,54.3,,54.8,,50.3,,47,,51.8,,44.2,,46.3,,47.3,,40.9,41.2,48.5,,42.9,,,
Apr-89,55.4,,50.2,,49.6,,51.5,,55.7,,56.4,,50,,48.3,,51.5,,45.9,,41.7,,50.5,,42.5,43.1,50.6,,48.4,,,
May-89,57.5,,51.2,,51.3,,53.2,,57.6,,57.9,,52.6,,52.1,,53,,48.7,,52.7,,53.1,,46.3,46.5,53,,51,,,
Jun-89,58.6,,52,,51.8,,53.4,,57.8,,58.3,,54,,53,,55.1,,46.2,,54.1,,54.7,,47.1,47.4,53.5,,51.2,,,
Jul-89,59.3,,54.2,,52.4,,54.1,,57.9,,58.5,,55.6,,52.9,,54.9,,51.2,,54.2,,54.9,,47.8,48.1,55,,52.8,,,
Aug-89,59.3,,54.8,,52.3,,54.2,,57.5,,58.5,,55.2,,52.3,,55,,51.4,,54.2,,54.8,,47.8,48.1,55,,53,,,
Sep-89,59.3,,54.8,,52.4,,53.6,,57.3,,58.2,,55.2,,53,,54.9,,52.1,,54.2,,54.8,,47.8,48.1,55,,53,,,
Oct-89,59.3,,54.9,,52.4,,52.1,,56.8,,58.1,,55.1,,51.8,,55,,51.8,,50.7,,54.8,,47.8,48.1,55.6,,54.1,,,
Nov-89,59.3,,54.9,,52.4,,52,,57,,58.1,,54.9,,51.2,,55,,51.6,,50.4,,54.8,,47.6,48.1,55.7,,54.1,,,
Dec-89,59.3,,54.9,,52.4,,51.9,,57.1,,58.1,,54.9,,49.8,,55,,51.5,,49.1,,54.8,,47.6,48.1,56.1,,54.4,,,
Jan-90,60.4,34.4,55.8,31.6,53.5,29.6,53.5,31.9,58.1,38.2,59.2,35.7,56.7,34.1,51.3,35.7,56.9,34.4,52.6,32.9,51.5,29.9,55.8,30.2,48.4,48.3,57.5,32.4,55.4,55,45.9,29.2
Feb-90,60.8,36.6,55.9,31.9,53.5,31.5,53.8,32.9,58.9,36.9,59.3,35.7,56.8,35.7,52.6,34.7,56.9,34.7,52.6,33.8,51.3,31.1,55.8,31.8,48.5,49.3,58.7,33.7,57.3,56.7,46.2,31.2
Mar-90,60.9,36.6,56.1,31.9,53.8,32.1,53.8,32.9,59.6,36.5,60.4,35.5,56.8,35.5,53.7,34,56.9,34.7,53.5,34,55.1,31.6,55.8,32.2,49,50.1,58.7,34,57.3,56.7,46.2,31.2
Apr-90,61.9,36.7,57.5,31.6,56,32.1,55.8,33.2,60.4,36.5,61.3,34.6,56.8,35.1,53.9,33.8,58.9,34.7,52.5,34.6,55.1,30.7,55.8,33.3,50.4,52,60,34.5,58.7,57.9,46.9,31.3
May-90,62.5,36.7,57.7,31.6,57,32.1,55.9,33.2,60.4,36.5,61.2,33.6,56.9,35.1,55.4,33.7,58.9,34.7,52.3,34.6,55.2,31.4,55.7,33.3,53.2,52.3,60,34.5,59.1,58.5,47.2,32.3
Jun-90,62.2,36.7,58.6,31.6,57.5,32.1,55.9,33.2,61.2,36.5,62,33.6,57.2,35.1,56.3,33.7,58.6,34.7,54.1,34.6,55.3,31.4,55.7,33.3,53.1,53.7,60,34.5,59.1,58.5,47.2,32.3
Jul-90,62.2,36.7,59.6,31.6,57.3,32.1,56.9,33.2,61.6,36.5,62.1,33.6,57.6,35.1,56.9,33.7,58.4,34.7,50.3,34.6,56,31.4,56.6,33.3,53.2,52.9,60.4,34.5,59.5,58.8,47.6,32.3
Aug-90,62.2,36.7,59.8,31.6,56.5,32.1,56.4,33.2,61.3,36.5,61.9,33.6,57.5,35.1,56.8,33.7,58.2,34.7,54.5,34.6,54.9,31.4,56.7,33.3,53.1,53.5,60.7,34.5,59.7,59.1,47.7,32.3
Sep-90,64,37.7,59.8,33.4,56.3,32.1,57.7,34.6,62.4,36.8,63,35.9,58.9,34.9,57.5,34,59.3,37.5,55.9,36.2,54.6,33.4,58.1,34.3,54.6,54.9,61.6,36.7,61.9,61.3,49,32.7
Oct-90,68.5,40.6,59.8,33.4,58.4,32.1,61.2,38.1,66.4,39.9,66.8,37,62.5,37.9,60.3,36.6,63.6,39.9,61.7,40.6,59.8,38,64.4,40.3,60.9,61.5,65,41.8,64.1,63.5,50.2,37.5
Nov-90,69.9,45.1,59.9,33.4,62.7,39,63.9,43.2,67.7,43.5,68.2,43.2,67.1,40.9,65.3,40.5,67.1,42,64,45.6,54.5,41.6,64.1,41.3,62.1,63,70.1,42.7,68.1,67.5,58.1,39.9
Dec-90,73.7,46.9,66.1,37,68.6,43,65.3,42.4,70.4,47.9,70.9,45.3,66.6,43.9,62.9,42.7,67,42.8,65.5,46.3,58.3,41.5,67.6,46.9,57.5,59.3,66.3,45.7,68.1,67.5,59.2,39.9
Jan-91,77,51.4,72.9,45.9,72.8,46,69.3,47.4,71.9,50.7,72.2,47.6,67,47,58.8,45.7,66.6,45.3,65.1,48.9,56.6,45.2,68.2,50.2,64.3,64.2,67.9,48.9,69.7,69.3,60.6,42.6
Feb-91,72.4,48.4,72.8,47.7,68.4,43,64.1,44.6,67.1,47.4,67.3,45.5,63.7,44.8,53.5,44,63.5,44.7,57.5,44.6,47.4,42.6,57.5,43,43,45.2,62.4,47.1,66.5,65.9,59.5,42.6
Mar-91,68.2,41.1,68.8,44.5,63.2,39.9,58.8,41.4,63.8,41.5,63.3,40.4,59.2,40.6,53.2,41.1,60.1,44.6,52,41.9,46.8,36,52.2,40.3,45.4,45.7,55,42.6,59.9,59.3,54.5,40.1
Apr-91,64.9,37.1,65.1,40.2,61.7,34.9,58.8,36.4,61.6,39.2,61.6,38.8,55.9,37.3,50.7,36.2,57.2,44.6,48.9,40.8,45.5,37.9,49.5,41.1,44,42.2,54.9,40.7,57,56.4,52,40.1
May-91,64.8,39.3,61.9,36.8,61.7,34.9,56.3,36.4,61.9,38.7,62,37.1,57.5,37.3,54.7,36.2,57.7,44.6,50.8,41.4,48.6,36.9,53.3,38.5,51.5,49.2,57.1,40.2,57,56.4,51.7,39.3
Jun-91,64.8,39.3,61.6,36.8,60.3,34.9,56.6,36.4,63,38.7,62.8,37.1,59.3,37.3,58,36.2,58.9,44.6,48.6,41.4,40.4,36.9,44.6,38.5,48.6,48.7,54.8,40.2,57,56.4,51.6,39.3
Jul-91,64.8,39.3,60.8,36.8,60.3,34.9,57,36.4,62.9,38.7,62.7,37.1,60.1,37.3,58.2,36.2,58.5,44.6,54.7,41.4,52.7,36.9,54.3,38.5,52.4,53.1,55.9,40.2,54.9,54.5,49.5,39.3
Aug-91,64.8,39.3,60.8,36.8,60.3,34.9,56.2,36.4,63.4,38.7,63.2,37.1,60.2,37.3,56.4,36.2,57.8,44.6,55.3,41.4,49.9,36.9,52.8,38.5,53.6,54.3,59,40.2,55.2,55.1,49.8,39.3
Sep-91,64.6,39.3,61.4,34.4,60.2,34.9,58.9,36.2,66.2,36.9,65.9,35.5,60.2,37.3,56.5,36.2,58.7,44.6,54.1,41.6,44.6,38.3,50.5,41.4,51.2,54.5,59.6,39.5,57.3,56.8,50.7,38.4
Oct-91,64.5,39.3,62.2,35.8,60.2,34.9,60.2,36.2,66.1,36.9,65.8,35.3,59.9,37.3,52.9,36.2,58.7,42,47.6,41.8,47.3,39,48.4,39.7,50.7,51.4,58.8,40.4,57.3,56.8,51.1,38.7
Nov-91,64.6,39.3,62.2,35.8,60.1,36.5,60.2,37.8,63.4,36.9,62.9,35.7,57.7,37.3,54.1,36.2,58.1,41.6,54.5,42.8,47.9,35.4,54.2,36.2,47.2,48.7,58.8,40.2,57.3,56.8,51.1,38.7
Dec-91,64.6,39.3,62.4,35.8,60.1,36.5,60.2,37.8,58.9,39.2,60.6,39.2,57.4,37.3,53,36.2,57.6,40.8,52.4,42.4,46.5,36.3,51.2,37.6,46.5,48.8,54,40.4,55.5,55.3,51.3,38.7
Jan-92,64.6,39.3,62.7,35.8,60.1,36.5,60.1,37.8,64.5,39.2,63.5,38.6,58.4,37.3,54.2,36.2,58.8,40.8,50.2,41.7,49.4,35.2,52.2,37.6,48.9,48.1,58.5,40.4,55,54.5,51.3,38.7
Feb-92,64.7,39.3,63,36.2,60,36.5,60.1,37.8,62.2,39.2,59.5,37.8,57.7,37.3,50.3,36.2,58.4,40.7,46.5,41.7,44.8,35.6,48.3,37.3,42.2,44.3,51.9,40,54.8,53.5,51.2,38.7
Mar-92,64.1,39.3,62.6,36.2,60.2,36.5,59,37.8,56.8,39.2,57.6,38.7,56.9,37.3,49.2,36.2,57.1,40.7,43.6,40.3,44.6,35.6,46.2,37.6,45.7,47.1,51,39.7,51.2,50.7,51.1,38.7
Apr-92,63.4,39.3,61.3,35,60.2,36.5,55.8,37.8,59.9,39.2,59.5,38.6,57.1,37.3,49.5,36.2,56.9,40.7,46.8,40.3,42.5,35,46.2,37.6,43.7,43,52.4,39.8,52,50.3,51.2,38.7
May-92,63.4,39.3,61.2,34.9,60.2,36.5,55.8,37.8,62,39.2,60.4,37.2,57.2,37.3,51.6,36.2,56.9,40.7,44.6,40.3,52.1,37,52.4,37.6,46.3,46.2,52.2,40,52,52.2,51.2,38.9
Jun-92,63.4,39.3,61.2,34.9,60.1,36.5,56.2,37.8,62.6,39.2,61.9,37.2,59,37.3,53.9,36.2,57.6,40.7,50.5,40.3,48.1,37,53.3,37.6,49.6,48,53.7,40,49.8,50,50.5,38.9
Jul-92,63.4,39.3,61.6,34.9,60.2,36.5,55,37.8,63.7,39.2,63.5,37.2,59,37.3,57.4,36.2,58.7,40.7,54.5,40.3,48.2,37,53.2,37.6,50,52,57.2,40,53.9,54.8,50.4,38.9
Aug-92,63.4,39.3,62.3,34.9,59.9,36.5,54.8,37.8,62.8,39.2,61,37.2,58.3,37.3,56.2,36.2,58.5,40.7,54.5,40.3,50,37,52.3,37.6,49.4,48,55.5,40,52.1,53.7,50.4,38.9
Sep-92,63.4,40.4,62.1,35.7,59.8,36.5,54.9,39.2,62.7,39.2,61.2,36.7,58.7,37.3,55.5,36.2,58.3,40.7,53.4,41.1,48.7,36.3,50.1,38.3,47.4,46.2,54.8,40.3,48.9,48.5,49.1,39.5
Oct-92,62.7,40.4,62.3,35.7,59.6,36.5,56.9,39.2,60.5,39.2,60,37.2,59.9,37.3,55.1,36.4,57.7,40.9,51.1,41.7,52.7,36.3,54.2,37.8,46.7,45.6,54.7,41.3,49.9,51.5,49,39.5
Nov-92,61.8,40.4,62.2,35.7,59.4,36.5,57,39,60.2,39.2,59.9,37.6,57,37.3,56.5,37.1,58.5,41.7,54.4,42.2,53.9,35.6,54.2,37.6,49.4,48.8,55.2,41.6,53.3,52.9,48.7,39.5
Dec-92,60.9,40.4,62.1,35.7,58.1,36.5,56.3,38.7,60.5,39.2,60.2,38.2,56.8,37.3,54.5,36.9,58.6,41.4,54.2,42,56.2,35.8,57.2,37.6,49.5,45.9,56.2,41.6,52.1,53.1,48.7,39.5
Jan-93,59.3,40.4,59.9,35.7,55.7,36.5,55.5,38.7,60.1,39.2,59.3,37.6,56.5,37.3,54.2,37.1,58.6,41.3,54.4,42,57,35.2,56.8,37.6,49,49.5,56.1,41.6,54.1,53.9,49,39.5
Feb-93,59.2,40.4,59.8,36,54.1,36.5,55.4,38.7,58.1,39.2,58.2,37.3,55.5,37.3,55.9,37.7,58,41.3,54.2,42.3,53.2,34.7,56.9,37.6,44.8,47.6,55.2,41.6,53.2,52.8,49,39.5
Mar-93,58.7,40.4,59.3,36,52.3,36.5,55.4,38.7,59.2,39.2,58.4,37.3,55.3,37.6,52.4,38.1,57.4,41.3,52.4,42.3,48.4,35.8,55.3,37.6,47.1,45.6,53.9,41.6,52.1,51.2,49,39.5
Apr-93,58.7,40.4,57.1,36,51.9,36.5,55.3,38.7,59.1,39.2,56.9,36.9,55.2,37.6,52,38.1,56.4,41.6,53.6,42.6,53,35.8,57.3,37.6,46.3,45.7,54.9,41.5,47.4,50.3,49,39.5
May-93,60.5,40.4,56.8,36,52.9,36.5,55.4,38.7,58.9,39.2,58.7,36.9,54.6,37.6,52.9,38.1,56.8,41.6,53.9,42.6,54.2,35.8,57.3,37.6,44.2,47.5,54.3,41.1,52.8,50.6,51.1,39.5
Jun-93,60.8,40.4,56.8,36,54.5,36.5,56.1,38.7,60.8,39.2,61,36.9,57.1,37.6,52.9,38.1,59.1,41.6,53.9,42.6,51.8,35.8,57.2,37.6,48.4,48.1,54.9,41.1,51.5,51.7,50.8,39.5
Jul-93,62.3,40.4,57.4,36,55.9,36.5,56.6,38.7,61.4,39.2,60.7,36.9,56.2,37.6,51.7,38.1,58.6,41.6,53.9,42.6,53.4,35.8,56.9,37.6,46.2,48.1,55.3,41.1,47.7,48.2,49.6,39.5
Aug-93,60.7,40.4,57.3,36,54.7,36.5,56.8,38.7,60.4,39.2,56.3,36.9,54.3,37.6,52.2,38.1,57.5,41.6,53.4,42.6,54.2,35.8,56.4,37.6,46,48.1,55.7,41.1,50.8,50.4,50.1,39.5
Sep-93,60.8,40.4,57.3,36,54.1,36.5,56.7,38.7,58.9,39.2,57.9,36.4,56.7,37.3,53,37.9,57,40.8,51.9,42.6,54.2,36.2,50.7,37.6,45.5,47.9,56.5,41.5,53,52.8,50.9,39.5
Oct-93,59.1,38.3,57.3,36,55.4,36.5,56.3,38.7,58.1,39.2,55.8,36.7,54.9,37.3,52,38.2,56.2,39.6,51.5,42.6,54.8,36.2,55,38.8,46,47.3,56.8,41.4,49.2,50.4,50.4,39.5
Nov-93,57.8,37.2,57.3,36,51.7,36.5,56.1,38.7,58.4,39.2,57,37.2,53.7,37.3,51.1,38.2,55.9,39.6,50.9,42.8,55.3,35.9,55,39.4,42.5,46.8,54.5,41.5,51.9,50.5,50.4,39.5
Dec-93,58.1,36.1,57.3,36,50,36.5,55.7,38.7,56.7,39.2,53.3,36.9,51.7,37.3,48.2,38.2,55.4,39.5,50.9,42.8,55.3,35.9,55,39.4,43.5,46.1,53.8,41.5,50.2,49.2,50.4,39.5
Jan-94,56.5,36.1,53.8,36,50.9,36.5,51.9,38.7,54.4,39.2,52.1,36.9,49.3,37.3,48.1,37.9,55.1,39.5,50.2,42.4,53.7,35.9,50.3,39.5,41.4,43.8,51.2,41.5,47.4,48.7,50.4,39.5
Feb-94,56.9,36.1,53.8,34.8,49.1,36.5,51.9,38.7,54.9,39.2,54.5,37.2,51.1,37.3,49,38.3,54.6,39.5,49.9,41,53.3,35.7,53,39.5,41.8,42.3,52,41.5,44.6,46.5,50.4,39.5
Mar-94,58.9,36.1,53.8,33.8,50.9,33.3,51.8,38.7,55.4,41,54.9,38.2,52.1,37.3,49.4,38.3,54.9,39.5,49.9,41.5,53.3,35.7,53,39.6,40.3,40.1,53.4,41.5,48,47.5,50.1,39.5
Apr-94,59.8,36.1,54.2,32.8,50.8,33.3,51.8,35.3,56,40.6,54.8,37.5,52.7,37.3,50.1,38.3,54.7,39.5,50.4,41.5,54.1,36,53.4,38.1,46.2,46.1,53.1,41.5,50.2,51.3,50.1,39.5
May-94,62.3,36.1,55.2,32.9,55.9,33.3,56.2,35.3,57.5,39.8,55.4,36.8,53.2,37.3,51.9,38.3,55.9,39.5,51.9,41.5,54.3,35.1,54,38.1,45.9,47.3,56.5,41.5,53.2,52.9,50.1,39.7
Jun-94,62.9,36.1,55.2,32.9,55.9,33.3,56.2,35.3,58.9,39.8,57.6,36.8,55.1,37.3,53.1,38.3,58.2,39.5,53.1,41.5,57.3,35.1,57.1,38.1,48.4,48.6,57.2,41.5,51.4,51.3,50.1,39.7
Jul-94,62.9,36.1,56.5,32.9,56.9,33.3,56,35.3,59.9,39.8,57.2,36.8,55.8,37.3,52.9,38.3,58.2,39.5,56.1,41.5,57.3,35.1,57.1,38.1,47.4,49.7,57.8,41.5,55.3,54.7,50.1,39.7
Aug-94,62.9,36.1,57.4,32.9,57.5,33.3,56.2,35.3,61.1,39.8,60.8,36.8,55.7,37.3,53.6,38.3,60.1,39.5,56.9,41.5,59.6,35.1,59.2,38.1,49.8,51.4,59.5,41.5,53.5,52.7,50.3,39.7
Sep-94,62.9,36.6,57.9,35.1,58.1,33.3,57.2,35.9,58.3,39,59,36,54.8,37.3,51.2,38.3,60.1,41.1,57.3,43.6,60.3,35.8,58.5,40.7,50,52.7,58.3,41.5,51.2,51.8,50.1,39.6
Oct-94,64.9,36.6,59.1,36.6,54.5,33.3,57.1,35.3,52.8,39,54.9,35,52,37.3,48.9,38.3,57.8,41.1,56.1,41.8,57.5,35.8,56.3,40.7,43.9,50.1,58.5,41.5,56.4,55.9,50.1,39.5
Nov-94,64.9,36.6,58.9,36.6,55.9,33.3,57.2,35.3,59.1,39,57.8,34.8,55,37.3,52.2,38.3,56.4,41.9,56,41.6,57.3,36,58.1,40.7,41.6,49.5,58.4,41.5,56.5,55.8,50.1,39.5
Dec-94,64.9,36.6,58.8,35.6,55.3,33.3,56,35.3,56.3,39,55.3,35,53.2,37.3,48.8,38.3,54.7,41.9,54,41.7,55.3,36.2,55.5,39.9,46.5,48.1,57.7,41.5,54.6,52.8,50.1,39.5
Jan-95,63.8,36.5,58.8,35.6,53.6,33.4,55.1,34.8,55.6,39,56.4,35,53.4,37.3,50.4,38.3,53.7,41.8,53.7,41.3,55.3,36.4,55.7,41.4,45.9,47.7,57,41.5,48.7,49.6,50.1,39.5
Feb-95,63.8,36.5,58.8,35.6,52.9,33.4,55.2,35.3,57.2,39,55.5,35,54.7,37.3,52.3,38.3,56.3,41.6,53.6,41.3,56.9,36.4,53.7,40.3,46.5,48.8,55.3,41.5,50.7,50.7,49.7,39.5
Mar-95,64.6,36.5,60.4,35.6,57.3,34.4,57,35.3,57.8,39,55.2,33.2,54.8,37.3,52.1,38.3,58.4,41.6,55.1,41.3,57.4,36.4,57.7,40.3,47.3,50.3,59.7,41.5,50,51.1,49.7,39.5
Apr-95,64.7,36.5,60.4,35.6,55.7,34.4,57,35.3,58.9,39,59.2,33.2,57,37.3,53.4,38.3,59.7,41.6,55.6,41.3,58.5,36.4,58.7,40.3,50.9,52.2,60.6,41.5,56.6,55.4,49.7,39.8
May-95,69.1,36.5,60.6,35.6,60,34.4,60.2,35.3,60.4,39,61.9,33.2,58.8,37.3,58.1,38.3,62.1,42.2,59.6,41.9,61.2,37.2,62.7,41.4,53,55.2,61.4,41.5,57,56.5,49.7,39.8
Jun-95,69.1,36.5,60.9,35.6,59.4,34.4,60.2,35.3,61,39,59.3,33.2,57.8,37.3,57.9,38.3,64.5,42.2,58.3,41.9,60.7,37.2,60.1,41.4,49.7,54.2,61.4,41.5,56.2,55.8,50.8,39.8
Jul-95,69.1,36.5,61.2,35.6,59.4,34.4,60,35.3,57.5,39,58.5,33.2,56.5,37.3,55.7,38.3,60.5,42.2,57.9,41.9,59.2,37.2,61.2,41.4,50.2,51.8,61.2,41.5,57.4,56.6,51,39.8
Aug-95,67.3,36.5,61.8,35.6,56.9,34.4,58.3,35.3,55.8,39,57,33.2,55.2,37.3,53.2,38.3,58.8,42.2,55.7,41.9,59.3,37.2,60.1,41.4,46.1,49.3,61,41.5,57.4,56.5,51,39.8
Sep-95,65.8,36.5,61.3,37.7,53.4,34.4,56.2,35.3,58.1,39,58.8,32.3,56.2,37.3,55.1,38.3,57,42.2,55.1,41.9,57.3,37.1,58.2,40.2,46.4,48.8,60.3,41.5,57.3,56.5,51,39.4
Oct-95,65.4,36,61.2,37.7,55.4,33.4,56.1,34.9,56.9,39,56,32.7,54.6,37,54.2,38.3,58.8,42.2,55.2,43,57.3,37.1,56.7,40.7,46.9,50.2,60,41.5,57.3,56.5,51,39.5
Nov-95,63.6,36.5,60.8,37.7,55.7,33.4,54.9,34.9,57.3,39,55.6,33.2,50.7,37.3,52.3,38.3,56.8,42,54.5,42.5,53.9,37.3,56.2,41.1,46.6,49,59.9,41.5,57.3,56.5,51,39.5
Dec-95,63.6,36.5,58.8,35.4,56.9,33.5,55.9,34.9,59.9,39,59.2,33.9,54,37.3,53.6,38.3,52.8,42.2,54.2,42.4,55,37.3,57,41.4,45.7,46.6,58.8,41.5,57.3,56.5,51,39.5
Jan-96,63.6,38.1,58.8,35.4,56.9,35.7,54.2,37.8,58.2,37.8,60.8,34.6,53.2,38.8,53.7,39.2,57.9,42.3,54.2,42.7,55.7,37.3,56.9,41.4,44.1,46.7,55.1,41.5,56.2,55,51,39.5
Feb-96,62.6,38.1,58.6,35.4,55.3,36.4,50.5,38.5,58.7,36.9,59.6,33.3,54.1,38.8,53.2,39.6,56.6,43,53.9,42.7,56.3,38,57.1,41.4,43.7,48,57.6,41.5,55.6,54.9,51,39.5
Mar-96,61.8,38.7,59.3,35.4,49.4,36.7,53.1,40.3,57.4,36.9,59.9,33.3,55.1,38.8,57.1,39.8,58.9,44,56.9,42.9,57.2,38,59.9,40.9,50.7,51.4,58.7,41.5,56,54.6,50.9,39.8
Apr-96,64.5,38.7,60.3,37.2,50.8,36.7,55.5,40.6,62.4,42.1,61.3,33.8,59,38.8,59.3,39.8,64.1,44.7,57.7,43.5,59.7,39.1,61.9,44.6,51.2,53.9,61.5,41.5,59.4,58.7,50.9,40.2
May-96,66.6,38.6,60.4,37.2,63.4,37.3,57.4,40.6,68.7,42.1,68.2,33.6,61.3,38.8,61.2,40,66.9,45.8,60.9,43.5,60.5,39.5,63.2,40.5,53.2,55.2,66.9,43.1,62.6,61.9,51.8,40.2
Jun-96,66.3,38.6,61.1,37.2,60,37.3,56.4,40.6,65.8,42.1,65,33.6,58.1,38.8,58.4,40,65.4,45.8,58.9,43.5,59.3,39.5,62.2,40.5,49.7,54,66.4,43.1,62.3,61.6,51.8,40.2
Jul-96,58.9,38.6,59.9,37.2,54.9,37.3,54.4,40.6,54.3,42.1,58.7,33.6,56.4,38.8,57.3,40,64,45.8,58.3,43.5,59.3,39.5,61.4,40.5,50.6,53.4,62.6,43.1,60.6,59.9,51.5,40.2
Aug-96,60.5,38.6,59.7,37.2,52.5,37.3,57.5,40.6,59,42.1,59.2,33.6,56.5,38.8,57.2,40,62.9,45.8,57.3,43.5,59.3,39.5,60.1,40.5,50.5,52.8,61,43.1,56.9,56,51.5,40.2
Sep-96,65.5,38.8,59.7,38.1,55.6,38.2,56,41,58.5,42.1,59.1,34.2,58.2,37.3,57.9,40.3,62.1,45.7,58.7,43.7,62.3,40.2,62.8,41.2,52.5,53.6,62.8,41.8,60.3,59.5,52.3,39.8
Oct-96,65.5,41.5,59.7,38.1,59.7,41,58.2,45.4,61.9,44.3,62.6,35.7,57.8,42.7,58.1,41.9,63.6,45.9,58.6,46.9,62.3,41.1,63.1,45.1,50.3,51.7,61.7,43.1,60.3,59.5,52.3,40.9
Nov-96,64.8,44.1,62.6,41,60.8,43.2,59.8,47,62.7,46.6,64.3,36.6,58.3,42.7,58.7,42.9,65.5,47,57.3,47.7,60.6,42.4,62.1,42.9,50.5,50.7,58.8,43.4,58.7,57.9,52.8,42.7
Dec-96,67,45.2,62.4,41,60.6,44.6,59.3,47,62,46.6,63.6,39.4,58.3,42.7,58.7,43.8,65.5,47,60.7,48.2,63.3,42.4,62.1,43,52.1,52.7,57.6,43.4,55.8,54.9,53,42.7
Jan-97,67.2,45.5,63.8,42.5,59.9,44.8,60.1,47.3,63.8,46.6,64.2,40,59.2,43.8,58.1,44.4,65.4,47,59.2,48.6,60.1,42.4,62.2,46.4,51.4,53.5,59.9,44.1,58.3,56.4,53,43.4
Feb-97,67.2,45.8,63.8,42.5,60,44.8,60.5,47.3,65,45.8,65.2,41.6,58.8,43.8,58.9,44.6,65.4,47,59.7,48.6,60.1,42.8,62.5,44.3,54.8,55.5,61.9,44.7,60.7,59.9,53,44.8
Mar-97,67.1,45.2,64.1,42.9,60.3,42.6,60.5,45.2,62.8,43.6,63.6,39.6,58.2,43.8,58.1,44.6,65.4,46.3,59.3,47.8,61.7,42.8,62,45.4,54.1,54.9,61.9,44.5,60.2,59.6,53.6,44.8
Apr-97,71.6,45.2,64.5,42.9,63.8,45,64.7,46.3,60.8,40.5,61.2,37.3,56.5,43.8,57.4,44.6,64.8,44.1,56.8,47.6,61.3,42.8,61.3,44.3,52.7,53.5,60.2,43.8,59.8,58.9,53.8,44.8
May-97,70.9,44.4,62.6,39.3,63.1,43.1,62.6,46.3,61.1,39.8,62,36.4,56.2,43.8,57.6,43,63.5,43.4,58.7,47.2,59.3,42.8,59.8,44,52.7,53.7,63.2,44.5,59.9,58.9,53.6,44.8
Jun-97,70.9,44.4,61.5,39.3,62.3,43.1,60.6,46.3,60,39.8,63.2,36.4,55.8,43.8,58,43,66.5,43.4,59.2,47.2,64.3,42.8,62.1,44,54.3,55.6,60.2,44.5,59.3,58.2,53.6,44.8
Jul-97,71,44.4,60.1,39.3,62.7,43.1,60.6,46.3,58.7,39.8,61.1,36.4,55.8,43.8,56.1,43,61.8,43.8,57.7,47.2,62.3,42.8,61.1,44,53.1,54.3,55.8,44.5,57.5,56.5,53.6,44.8
Aug-97,71,44.4,60.1,39.3,64.2,43.1,60.7,46.3,62.8,39.8,65,36.4,61.4,43.8,60.3,43,66.2,43.8,57.2,47.2,60.3,42.8,61.1,44,52.9,54.6,62.5,44.5,60.8,59.1,54.7,44.8
Sep-97,71.3,43.5,59.7,35.4,67.2,41.2,67.6,46.3,64.2,38.6,67.7,33.7,61.8,42,58.9,42.4,68.1,42.7,59.7,47.8,60.3,42.8,61.1,43.1,52.2,54.6,63.3,43,63.2,62.5,54.7,42.7
Oct-97,70.7,43.1,59.6,35.4,64.8,40.9,62.7,46.3,61.9,39,65.2,34.1,58,40.6,58.3,43,64.6,41,58.7,47.9,59.3,42.2,59.2,43,52.4,53.6,62.4,42.4,63.2,62.5,54.7,42.7
Nov-97,69.8,43.1,60.3,36,63.7,40.9,61.2,46.3,60,38.6,61.5,34.4,56.5,40.6,56.6,43,61.2,41.7,56.7,48.1,58.2,42.9,58.2,43.4,50.3,51.6,59.5,43.1,60.2,59.1,54.7,43.8
Dec-97,70.1,42.2,60.3,36,63.8,40.9,61.2,46.3,60.3,38.6,61.1,34.6,57.8,40.6,55,42.8,61.6,41.5,54.7,48.1,57.3,42.9,58.2,43.4,50.8,50.6,56.5,43.7,57.4,56.6,54.7,43.8
Jan-98,70,39.6,61.4,37.1,63,40.4,61.2,46.3,57.8,39,61.7,34.6,57.6,40.6,53,42.7,60,39.5,54.5,48.1,56.7,42.9,57.8,43.4,49.2,49.2,55.5,43.4,54,53.2,54.7,43.4
Feb-98,69.5,38.9,61.1,37.1,61.8,39.3,59.7,44,58.4,38.6,60.1,34.9,54.3,40.6,53.7,42.7,57.8,39.7,52,47.7,55.6,42.1,56.9,43.3,47.4,48.6,54.3,42.9,53,52.3,54.7,42.8
Mar-98,67.6,37.5,58,34.8,60.4,36.9,57.6,44,54.9,37.9,56.6,33.5,51.4,40.6,53.4,42.7,56,39.3,53.3,47.6,55,42.4,56.1,42.5,46.6,48.4,52.8,42.9,49.3,48.3,54.7,43.8
Apr-98,66.6,35.4,57.5,34,58.9,36.8,54,42.9,54.7,37.1,58.2,33.1,53.3,39.1,52.7,40.9,56.9,39.1,52.7,47.1,54.2,40.6,57.1,41.3,49.3,50.4,54.3,41.9,53.2,52.5,52.7,40.2
May-98,66.6,34.3,53.7,31.1,58.8,36.8,56.3,42.9,56.5,37.1,59.3,32.8,55.3,39.1,53.9,40.9,55.1,39.1,54.6,47.6,57.3,41.8,57.2,42.3,49.6,49.7,56.3,41,55.9,54.8,52.7,39.7
Jun-98,66.6,34.3,53.4,31.1,58.9,36.8,56.1,42.9,54.8,37.1,58,32.8,53.7,39.1,54.9,40.9,58.9,39.1,54.6,47.6,57.3,41.8,57.2,42.3,49.5,51.4,55.3,41,53.5,52.8,52.7,39.7
Jul-98,66.6,34.3,53.6,31.1,58.7,36.8,55.7,42.9,54.1,37.1,58.2,32.8,52.7,39.1,52.7,40.9,55.4,39.1,54.6,47.6,57.3,41.8,57.2,42.3,48.2,49.3,55,41,53.9,52.3,51.9,39.7
Aug-98,66.6,34.3,53.3,31.1,58.9,36.8,54.4,42.9,55.1,37.1,56.5,32.8,51.7,39.1,53.1,40.9,55.1,39.1,54.6,47.6,54.7,41.8,57.2,42.3,47.7,49.4,50.1,41,53.4,53.2,51.9,39.7
Sep-98,66.6,34.1,51.8,29.9,59,36.8,54.3,36,56.3,35.9,56.2,32.2,50.1,38.4,53.5,40.9,56.3,33.8,54.7,46.8,53.8,36.8,57.2,42.3,47.1,49.4,47.1,40.2,54.6,53.6,51.9,39.6
Oct-98,66.3,35,51.5,29.9,59,36.2,57.7,37.9,57.3,35.9,57.6,31.5,52.4,38.4,54.8,40.9,55.4,33.7,54.7,46.3,57.3,39.5,57.2,42.3,46.7,48.8,49.6,40.7,55,53.6,51.9,41
Nov-98,66.6,31.7,52.7,31.1,58.9,34.7,58,37.9,56.1,35.9,57.4,31.5,51.8,38.4,54,40.9,57.1,35.7,54.9,46.3,57.2,40.5,56.2,40.5,46.7,49.4,47.6,40.2,55.1,53.8,51.9,39.5
Dec-98,64.6,31.3,52.7,31.1,56.7,34.3,56.2,37.9,52.5,35.9,53.8,31.2,49.6,38.4,50.4,39.6,52.2,35.4,54.2,44,56,39.1,56,40.5,44.6,48.6,48.6,40.6,53.4,52.2,51.9,39.5
Jan-99,62.1,31.5,51.8,30.3,55.1,33.9,50.9,37.7,54.9,35.5,56.2,31,50.5,37,51.9,37.1,53.2,35.4,53.6,44,55.5,39.8,55.4,39.7,43.3,47.4,46,40.6,51.5,49.9,51.9,39.5
Feb-99,61.6,32.7,51.8,30.3,54.1,33.9,51.9,35.3,54.2,35.5,53.8,31,49.3,37,50.8,36.6,51,35.4,52.9,44,54.9,38.7,53.4,38.6,43.4,46.4,46.4,39.1,51.5,49.9,51.9,39.5
Mar-99,61.6,32.3,50.3,28.6,54.1,32,51.1,35.3,57,35.1,58,30.7,52.7,35.6,54.2,35.7,54,35.4,51,42.7,54.4,38.3,53.3,38.6,44.9,46.8,48.3,38.4,52.6,50.9,51.9,38.8
Apr-99,64.9,36.6,50,28.6,58.2,37.3,59.8,38.8,60.6,36.3,62.9,31,56.1,37.3,57.9,37.9,55.9,37.3,56.1,43.1,58.4,39,58.4,39.6,49.2,49.6,58.5,40.4,59.8,58.8,53.2,42.3
May-99,68.6,37.8,51,29.5,61.3,36.6,60.4,38.8,59.8,36.3,63.5,31,52,38.8,58,37.9,58.7,37.7,57.7,44,60,40.1,59.8,39.6,52.3,52.4,57.8,40,61.4,59.8,52.7,42.3
Jun-99,66.6,37.8,51.2,29.5,61.9,36.6,60.8,38.8,57.8,36.3,61.9,31,53.3,38.8,55.1,37.9,58.5,37.7,57.7,44,59.6,40.1,58.2,39.6,51.9,52.2,57.6,40,60.4,60,53.2,42.3
Jul-99,67.4,37.8,54.5,29.5,62,36.6,61.6,38.8,62.6,36.3,64.6,31,56.3,38.8,58.2,37.9,62.5,37.7,57.7,44,61.2,40.1,60.7,39.6,52.4,53.8,61.5,40,64.3,62.7,53.2,42.3
Aug-99,71.6,39.3,55,33.8,67.1,39.2,65.2,44.1,69.1,37.8,68.1,33.5,64,38.8,64,38.3,63.6,39.7,61.9,45.9,65.1,41.2,64.3,42.7,56.2,57.2,58.3,43.9,64.8,62.7,53.2,42.3
Sep-99,73.2,43,57.6,36,69.4,42.8,65.9,43.8,65,39,69.7,34.4,63,38.1,65.5,38.8,68.1,40.9,64,48.1,66.4,42.2,65.2,43.3,58.4,58.9,62.5,43.8,66,64.9,53.9,42.3
Oct-99,75.6,43.6,57.8,36,69.4,44.3,65.6,45.7,69.7,40.9,71.3,36.7,64.1,41.3,65.8,42.2,66.4,42,64,49.2,66.2,44.4,65.3,43.8,58.1,58.9,60.8,45.2,66,64.9,55.4,45.9
Nov-99,74.6,44,62.4,40.5,69.4,44.9,63.6,45.4,67.3,43.6,68.8,39,63.2,42.7,65.4,42.4,65.8,42.9,61.8,48.5,63.8,45.1,64,46.8,56.3,55.8,60.7,46.3,64.8,63.5,55.6,47.3
Dec-99,78.6,47,62.3,40.5,72,48.2,68.1,48.4,67.2,46.3,70.5,42.4,66.4,47,67.5,46.9,69.4,47,63.7,49.1,66.6,47.4,65.6,48.5,58.2,57.9,57.1,49,64.2,63,56.9,49.8
Jan-00,78,49.3,64.2,42.3,72,49,65.4,49.9,65.6,43,69.8,43,64.8,47.7,65.7,48,67,48,63.2,50.5,65.7,49.4,65,50.5,57.4,57.3,61.3,50.4,66.2,64.6,57.2,49.1
Feb-00,78.9,58,64.4,42.3,73.1,60.5,69.5,63,72.2,57.9,73.9,59.1,67.3,55.9,68.7,56.6,69.6,55.1,64.5,51.6,68,49.9,67.9,50.8,59.8,57.6,61.2,52.4,66.2,64.9,57.6,52
Mar-00,84.6,57.3,66.4,46.8,78.6,57,73.9,63.1,76,51.4,79.2,51.6,73,53.4,74.9,54.8,76.5,54.6,70,52.8,73,50.6,72.3,52.7,65.2,64.5,69.3,55.5,73.3,71.3,60.9,57
Apr-00,82.1,52.8,66.7,46.8,75.9,50.9,73.5,58.2,67.1,46.1,73.7,45.9,66.3,50.5,68.8,48.8,71.6,51.1,66.4,52.8,70.6,52.1,70.6,52.1,62.9,62.5,67.9,56.5,71.7,70.6,62.7,57.3
May-00,83.1,51.1,69.4,48.9,76.3,50.9,73.5,56.2,68.4,45.4,76.1,45.9,70.7,48.7,71.5,49.1,74.1,49.9,64.8,52.8,70,49.6,69.5,51.4,63.6,62.2,70.1,55.1,71.2,70,61.9,56.6
Jun-00,87.7,51.1,70.7,48.9,79.9,50.9,78,56.2,75,45.4,81.3,45.9,73.3,48.7,77.6,49.1,79.5,49.9,67.6,52.8,71.4,49.6,71.1,51.4,64.3,64.2,72,55.1,73.4,72.1,62.4,56.6
Jul-00,90.7,51.1,70.7,48.9,80.9,50.9,77.2,56.2,74,45.4,80.6,45.9,70.3,48.7,73.6,49.1,77,49.9,67.6,52.8,73.9,49.6,73.9,51.4,67,67.4,77,55.1,77.7,76.5,64.4,56.6
Aug-00,86.1,51.1,75.6,48.9,77.4,50.9,72,56.2,71.2,45.4,78.6,45.9,69.3,48.7,70.6,49.1,72.7,49.9,63.5,52.8,73.1,49.6,72.8,51.4,63.4,66,75.5,55.1,78,76.6,64.4,56.6
Sep-00,88.9,59.9,74.3,50.2,81.2,60.1,76.8,60.8,75.5,52.4,82.3,56,74.1,55.9,75.7,57.4,78.8,58.9,72.1,62.3,76.2,59.6,76.3,57.6,68.1,69.1,77.6,60.2,80.1,79.3,67.9,61.2
Oct-00,88.4,62.1,76.1,52.3,83,62,77.4,60.6,74.2,54.2,82.1,57,72.1,58.4,74.3,60.4,76.7,60,69.2,62.9,76.6,59.3,76.3,57.1,69.2,69.3,78.7,62.6,81.4,80.2,69.2,63.4
Nov-00,91.7,62.9,79.3,55.2,84.4,62.4,82.1,63.9,78.1,55.3,82.1,57.4,75.9,60.5,75.8,64.7,77,60.8,71.3,64.2,75.8,60,75.3,60,66.9,68.7,75.6,63,80.8,79.8,70.7,63.4
Dec-00,87,66.3,77.8,53.8,80.3,67.5,79.2,68.1,73.9,60.8,77.1,62.2,72.1,63.4,71.9,64.6,75.7,63.1,68.4,64.5,74.6,60.2,74.4,61.4,66.3,66.9,74.6,64.5,77.9,76.5,71.4,65.2
1-Jan,83.6,63.3,80.4,56.5,77.8,59.2,73.5,66.6,77,56.3,77.7,58.3,70.6,65.5,71.8,64.6,72.1,61.1,64.4,62,72.7,60.2,72.8,58.7,64.4,65.5,71.6,61.7,75.6,74.4,70.9,64.8
1-Feb,83.6,58.7,71.9,50.7,78,57.8,72.7,62.7,77.5,52.4,78.8,55.3,69.5,63.8,70.9,63.6,74.9,58.9,68.9,62.3,74.8,59.5,74.6,58.8,66.9,66.9,72.2,60.5,74.8,73.9,70.9,60.5
1-Mar,83.6,56,71.6,50.7,77.7,56.4,71.8,60.5,78.7,51.1,77.4,52.3,68.9,59.8,68.8,60.9,73.6,54.6,65.9,60.2,70.8,57.7,70.6,56.8,63.4,64.1,69.6,60,74,73,70.9,59.1
1-Apr,85.4,55.6,74.1,53.4,81.7,56.3,77,60.1,81.5,48.6,82.9,50.9,74.6,58.4,77,56.4,79.1,54.4,65.4,60.2,68.8,55.8,69.4,55.9,62.6,63.5,73.7,58.6,74.1,73.1,70.9,57.7
1-May,90.5,55.7,76.4,52.3,84.9,56.7,83.2,59.7,85.8,48.6,85.7,50.2,78,57.7,80.3,54.8,84.4,53.7,72.7,60.5,78,53.1,78,56,69.3,71.3,72.7,59.6,77.7,76.5,70.9,57.3
1-Jun,87.6,55.7,77.6,52.3,80.2,56.7,77.6,59.7,80.3,48.6,77.5,50.2,71,57.7,70.9,54.8,85.5,53.7,77,60.5,81,53.1,82.1,56,69.9,76.5,79.4,59.6,83.5,82.4,71.2,57.3
1-Jul,80.3,55.7,77.6,52.3,74.5,56.7,70.8,59.7,69.9,48.6,70.9,50.2,64.7,57.7,65.3,54.8,76.8,53.7,66.3,60.5,72.6,53.1,72,56,62,65.4,70.8,59.6,74.4,73.4,70.4,57.3
1-Aug,79.6,55.7,74.1,52.3,74,56.7,71.3,59.7,72.4,48.6,74.5,50.2,69,57.7,67.4,54.8,75.1,53.7,66.9,60.5,72.8,53.1,73.4,56,61.1,65.5,69.4,59.6,72.9,71.9,70.4,57.3
1-Sep,82.4,52.7,70.7,49.8,77.2,53.2,71.9,57.4,75.6,50.6,76.7,47.3,72.2,52.7,71.4,53.2,83,58,75.4,62.6,82.6,59.2,83.4,60.4,71.8,77.3,78.2,58.6,83,81.9,70.4,58.9
1-Oct,78.7,51.4,72.1,51.4,70.7,51.3,68.6,56.2,72.9,46.7,72.9,46.3,63.7,51.3,66.2,52.4,71.6,53.9,66.6,60.8,71.6,55.6,71.4,55.6,58.8,64.2,73,55.3,78,77.1,70.4,57.1
1-Nov,73.7,47.3,68.7,48.2,65.2,49,62.7,52.4,64.3,44.7,64.5,45.2,59.2,51.3,61.7,51.8,65.2,50.3,56.3,57.4,64.7,52.8,64.6,55.1,52.3,53.8,64.2,54.5,69.1,67.7,67.4,55.9
1-Dec,70.9,46,63.3,45.8,64.4,46.3,63.2,49.3,58.1,44.7,65.2,42.7,58.1,48.4,59.6,48.3,59.9,49.7,51.3,54.4,59.3,49.8,59.1,52.7,48.7,50.8,60.1,49.8,62.8,61.9,64.4,52.4
2-Jan,72,43.6,60.6,42.6,64.3,45.7,65.8,47.8,62.5,44,64.2,43.1,59.4,47,60.5,47.5,65.5,45.1,54,49.5,63.9,49.2,63.1,52,49.9,55,60.3,49,64.4,63.4,63.4,50.7
2-Feb,73,45.6,60.6,40.7,66.7,47.1,65.3,47.8,64.3,44.3,66.2,43.4,60.9,46.6,61.9,47,61.8,37.3,55.5,49.1,62,47.5,62.1,50.4,54.2,56.2,59.7,47.4,64.9,63.9,63.5,49.1
2-Mar,74.1,44.6,61.1,40.7,70.2,49.4,71.5,50.1,70.6,44.7,72.7,43.6,64.2,47.3,68,47.8,68.3,39.2,62.5,50.3,68.9,47.1,69.3,52,61.3,62.2,68,49.9,69.4,69.4,63.2,49.8
2-Apr,79,46.4,66.8,44.1,78.1,53.2,76.5,53.8,75.3,50.1,74.3,46.4,69.2,47.7,73.4,49.1,74.1,44.6,67.4,51.9,74.1,51,75.3,55.4,67.2,68.2,73.3,55.2,76.6,75.5,63.4,53
2-May,82,51.2,72.1,47.3,76.8,53.2,75.5,55.1,75.9,49,71.5,45,66.8,47.7,70.3,49.7,73.8,46.5,65.2,51,72.3,50.2,73.9,53.7,66.1,67.1,75.2,53.3,76.6,75.5,63.4,53.7
2-Jun,80.4,51.2,70.1,47.3,76.5,53.2,75.3,55.1,73.7,49,70,45,66.4,47.7,67.8,49.7,75.6,46.5,66,51,74.9,50.2,75,53.7,68.1,65.5,75.3,53.3,77.3,76.1,63.4,53.7
2-Jul,80.3,51.2,69.5,47.3,77.4,53.2,76.1,55.1,73.7,49,75.1,45,68,47.7,70.2,49.7,75.3,46.5,68.8,51,76.4,50.2,75.5,53.7,69.5,68.3,76,53.3,79,77.9,63.4,53.7
2-Aug,82.3,51.2,72.6,47.3,80.3,53.2,77.7,55.1,75.9,49,76.7,45,70.7,47.7,71.5,49.7,77.8,46.5,69.4,51,78.1,50.2,78.4,53.7,70.8,72,76,53.3,79,77.9,63.4,53.7
2-Sep,83.6,50.9,74.2,47.9,80.2,56.6,78,57.9,76.9,48.2,76.1,47,72.1,47.7,71.5,53,76.4,52.9,68.3,58.4,78.2,55.3,79.2,56.6,70.3,72,78.6,57.4,78.9,77.7,63.4,54.6
2-Oct,84.4,53.9,75.3,51.3,81.2,57.8,79.7,60.8,77.6,51.3,79.5,50.7,73.9,54.1,73.3,55.9,77.2,56.1,63.2,58.3,78.2,57,79.2,59,70.2,69.7,79.6,62.5,78.8,77.5,63.9,56.6
2-Nov,85.9,56.6,77.6,52.7,80.2,58.9,79.6,60.9,75,53.2,75.8,50,73.2,54.5,71.8,54.9,75.1,56.6,66.9,57.4,75.4,57.3,77.4,59,69.3,69.2,77.7,59.5,78.4,77.2,64.7,57.7
2-Dec,83.9,54.3,75.8,49.2,79.4,58.2,79.1,59.3,71.5,54,75.2,51.6,71.6,54.1,71.4,55.7,72.3,56.6,61.5,57.3,73.6,56.9,71.4,56.4,67.3,64.3,72.8,56.2,76,74.8,64.7,57
3-Jan,87.2,59.6,74.7,52.1,85.4,62.8,85,63.9,78,60.9,81.7,58.8,76.5,59.8,75,60.9,77.5,57.3,68.1,59,79.4,58,76.4,58.4,69.1,67.6,76.7,61.2,78.1,76.9,66.4,58.9
3-Feb,89.2,60.5,79.7,57.8,88.9,71,90.2,71.6,85.9,63.1,87.9,70.3,81.3,68.4,80.9,69.5,83.8,60.7,75.7,62.5,83.9,61.8,80.7,60.6,73.4,72.8,82.4,63.2,83.4,83.4,72.4,60.9
3-Mar,92.1,64.7,85,68.2,88.6,79.2,89.9,80.4,87.2,78.5,86.7,76,79.9,78,79.7,76,84.2,70.5,76.9,69.2,85.4,68,82.2,68,75.9,72.4,90.6,74.6,91,90,82.8,74.6
3-Apr,86.6,53.9,83.4,64.6,81.2,70.4,81.1,68.5,78.7,60.4,77.3,56.5,71.5,61.9,73,60,77.3,64.8,69.8,63.2,72.9,60.2,77,65,69,68,81.2,62.4,84.8,83.5,79.4,70.5
3-May,83.2,53.3,75.3,51.6,74.4,57.8,74.6,60.5,72.4,53.2,73.4,50,68.2,55.2,67.1,55.4,74.4,54.8,64.2,60,69,51.6,73.3,57,65.8,64.5,75.2,55.6,81.1,79.9,70.2,63.3
3-Jun,82,53.3,70.7,51.6,76.1,57.8,76.6,60.5,73.6,53.2,74.6,50,68.4,55.2,68.2,55.4,78.2,54.8,63.6,60,74,51.6,72.6,57,67.2,65.4,76.2,55.6,81,79.9,67.2,63.3
3-Jul,82.3,53.3,70.6,51.6,79.5,57.8,78,60.5,75.9,53.2,76.3,50,69.8,55.2,68.2,55.4,76.9,54.8,67.4,60,76,51.6,75.1,57,68,65.5,75.4,55.6,81.3,79.9,67.2,63.3
3-Aug,84.5,53.3,72.9,51.6,84.9,57.8,82.2,60.5,82.7,53.2,81.2,50,77.1,55.2,76.1,55.4,81.1,54.8,69.3,60,81.2,51.6,80.9,57,72.2,72,86.6,55.6,86.4,86.2,67.9,63.3
3-Sep,91.1,53,78.2,49,84.6,54.7,85.1,55.1,80.4,50.5,79.2,47.7,74.2,49.8,74.6,51,83.8,53.9,73.6,61.7,82,55.1,80.9,58.2,73.2,74,83.8,58.2,86.3,84.9,70.9,62.2
3-Oct,84.8,48.5,76.4,46.9,77.7,54.7,78.2,54.4,76.7,48.6,77.4,45.9,68.6,47.7,71.9,51.3,78.6,51.7,64.9,57.8,76.4,53.7,75,57.2,66.7,65.3,73.4,54.5,78.7,77.7,68.4,57.3
3-Nov,83.9,51.5,72.7,48.2,74.9,54.7,77.1,54.7,72,50.1,74.6,47.3,66.6,48.4,69.5,51.6,75.2,53.1,63.6,57.5,71.5,51.9,70,57,63.5,61.2,75.2,55.4,78.2,76.9,68.4,57.3
3-Dec,83.3,52.6,70.5,48.2,76.8,58.3,77.7,58.5,74.1,50.5,75.7,49.1,68.8,51.6,68.6,53.1,73.8,54.1,61.9,59,70.5,53.3,66.4,59,61.1,59.3,73.9,58.1,75.7,74.5,69.4,59.8
4-Jan,84.6,54.2,70.5,50.7,80.9,62.6,80.2,63.1,78.9,58.2,79.1,56.5,72.5,58.4,74.8,58.9,74.7,59.4,66.9,60.3,74.1,57.2,72.7,59.7,66.1,65.7,75.4,60.5,78.9,77.1,69.9,62.7
4-Feb,87,56.7,74.8,53.3,84.6,63.7,84,65.1,82.6,60.5,83.5,59.2,75.8,62,75.7,60.9,71.2,60.1,70.2,60.8,77,58.4,76.8,60.8,69.7,66.2,81,62,81.2,79.9,70.4,64.1
4-Mar,90.6,59.1,78.5,53.3,87.2,62.6,86.5,63.1,85.4,60.5,84.5,58.3,76.1,61.6,73.7,62.2,80.5,59.9,72.3,62.2,77.7,61,79.2,62.4,73.2,72.7,84.4,66.5,86.2,84.9,70.9,69.4
4-Apr,92,58.4,85.1,53.3,87.7,63.6,85.7,61.6,84.5,57,84.6,54.9,77.8,60.1,74.8,59.9,77.9,60.1,72.9,62.1,80.4,59,81.4,62.5,75.9,75.3,88.4,62.9,90.1,88.3,73.9,68
4-May,98.9,60.3,88,52.2,98.9,68.4,96,62.4,96.4,58.2,96.9,53.7,89.1,60.5,87.1,61.6,93.3,59.9,85.7,62.5,91.9,58.5,92.5,63.8,85.4,85,97.8,72,98.8,97.1,81.9,73.3
4-Jun,101.2,60.3,95.6,52.2,95.8,68.4,98,62.4,92.5,58.2,91.6,53.7,84.5,60.5,81.6,61.6,92.9,59.9,85.8,62.5,86.9,58.5,91.4,63.8,86.8,82.5,95.4,72,98.5,97,83.4,73.3
4-Jul,96.3,60.3,90.5,52.2,94.2,68.4,92.5,62.4,90.5,58.2,89.7,53.7,83.9,60.5,80.9,61.6,87.4,59.9,80.6,62.5,84.3,58.5,86.8,63.8,78.7,77.4,89.9,72,95.5,93.9,80.9,73.3
4-Aug,97,60.3,89.6,52.2,94.1,68.4,94.1,62.4,88.2,58.2,89.5,53.7,83.9,60.5,79.6,61.6,84.3,59.9,80.7,62.5,84.7,58.5,85.6,63.8,77.5,77.1,92.2,72,95.4,93.9,81.7,73.3
4-Sep,97.1,65.3,89.5,61.4,91.8,70.4,92.4,66.5,87.5,59.3,88.1,53.7,79.5,63.4,80.6,65,82.3,63.8,78.8,67.5,84.1,65.5,82.9,67.6,76.3,75.9,90.4,71.6,95.4,93.9,81.9,73.1
4-Oct,100.1,68.7,89.6,62.7,94.4,71.9,96.2,68.7,92.2,67.4,94.9,67.7,85.4,66.2,84.3,72.7,88,66.9,82.1,71.1,87.3,71.3,87.3,71.1,80.2,81.7,91,72.8,95.3,93.9,87.1,78.4
4-Nov,99.4,75.1,92.4,71,90.3,78.5,92.9,77.3,87.4,73.5,87.8,70.5,79.8,70.9,79.5,73.1,84.8,71.9,81.9,71.2,85.3,72.5,83.3,73.1,78.5,80.2,85.1,77.3,93.6,92.2,88.2,80.9
4-Dec,94.6,69.5,86.3,67.1,84.5,74.6,86.5,77.3,82.1,66.6,82.4,67.1,76.4,70.1,74.1,68.8,82.6,73,80.1,67.8,79.8,70.3,80,71.3,74.5,74.6,81.9,71.8,88,86.5,83.9,77.3
5-Jan,89.7,68.2,82.3,63.9,86.7,74.6,85.8,74.1,83.7,69.7,85.5,68,78.7,70.2,78.7,68.1,81.5,70.8,77.1,69.2,80,69.9,78.7,69.2,74.8,72.9,84.2,72.9,84.3,83.2,82.2,76
5-Feb,95.4,71.3,84.9,63.9,89.6,75.8,91.2,76.6,85.9,73.5,88.4,71,81.8,72.3,80,72,88.2,75.5,81.4,76.5,85.7,77.5,84.6,73.8,79,77.4,89.7,79.8,89.7,88.4,86.2,81.6
5-Mar,96.4,72.7,88.2,67.6,94.6,80.4,96.2,80,92.3,76.6,92.4,74.9,85.1,75.5,85.3,75,91.6,76.2,84.7,77.7,89.8,80,90.1,75.8,82.5,83.1,93.3,88.1,94.4,92.8,96.4,89.4
5-Apr,102.4,78.6,94.8,73.8,99.4,81.9,99.1,83.9,94.9,75.4,95.5,73.7,90.8,78.4,88.4,78.8,93.2,76.9,90.7,79.8,94.6,80.1,94.7,76.6,88.2,87.8,102.9,88.7,103.1,101.4,95.2,88.2
5-May,102.9,76.8,98.4,73.8,96.3,81.5,98.7,82,93.8,75,92.6,72.1,86.2,75.1,86,75.9,90.5,76.9,88.3,75.6,90,74.5,90.1,73.1,82.4,84.6,98.6,86.2,101.9,100.3,92.7,88.6
5-Jun,102.9,76.8,96.6,73.8,97.6,81.5,98.2,82,95.1,75,96.6,72.1,90.4,75.1,88.1,75.9,90.4,76.9,88.5,75.6,92,74.5,91.3,73.1,85,85.3,96.9,86.2,99.1,97.5,89.4,88.6
5-Jul,106.7,76.8,100.6,73.8,103.2,81.5,103.5,82,101.4,75,98.4,72.1,94.6,75.1,91.9,75.9,95.2,76.9,93.3,75.6,92.7,74.5,97,73.1,90.4,91.9,100.8,86.2,102.6,101.4,93.9,88.6
5-Aug,109.9,76.8,102.9,73.8,111.1,81.5,111.8,82,105.7,75,107.4,72.1,100.7,75.1,97.3,75.9,102.5,76.9,98.9,75.6,101.6,74.5,102.5,73.1,97.2,95.9,106.6,86.2,109.1,107.8,98.9,88.6
5-Sep,131.5,91.7,123.3,82.9,123.5,92.7,120.8,88.4,118,85.8,119,80.6,112.6,80.9,108.1,86.7,117.3,89.4,109.1,92.5,109.6,93.1,111.7,91.6,102.8,104.1,115.7,98.4,117,116.1,109.9,98
5-Oct,119.8,89.4,115.5,85,111.4,96.1,111.2,92.3,107.5,86.9,108.3,83.4,101.4,84.4,96.9,89.6,107.2,96.9,103.6,97.7,103.9,99.5,101.2,93.4,92.2,97.7,106.2,101.1,112.2,109.5,111.8,105.4
5-Nov,103.8,83.1,98.5,79.7,95.8,91.9,99.4,90.7,94.4,82.3,94.7,80.4,89.3,84.1,88.5,83.8,91.7,93.3,90.6,95.7,89.6,99.6,92.5,96,84,84.9,97,95.7,100.8,99.1,106,101.5
5-Dec,102.8,80.9,97.3,73.8,99.6,84.2,99.6,83.8,96,76.2,94.9,79.3,89.4,83,86,78.3,86.5,90.1,85.9,88.3,88.1,86.5,90,91.4,81.3,82.9,92.8,87.4,94.3,92.3,98.9,94.8
6-Jan,106.2,80.7,103.1,73.8,105.5,88.8,103.8,85,102.8,80.4,101.6,79.5,95.7,84.4,95.6,83.4,91.1,89.1,89.1,86.8,93.1,87.4,91.5,88,85.5,87.6,95.2,84.9,97,94.7,95,91.7
6-Feb,106.8,83.5,100.5,77,97.3,88.4,98.8,87.3,96.4,78.5,94.6,79.3,88.4,84.4,86.3,82.4,86.6,89.1,84.9,85.5,88.6,81.3,90.9,86.5,82.7,84.5,91.3,80.4,94.5,93.7,93,89.7
6-Mar,101.2,82.5,96.5,73.4,102.3,85.4,102.8,85.4,99.3,77.3,99.8,79.5,92.1,84.1,91.7,81.8,94.2,88.7,91.4,83.3,93.2,82.6,93.8,81.3,90.3,90.1,98.5,87.2,99.7,98.2,99,91.5
6-Apr,116.1,87.8,111.8,79.5,117.6,90,117.6,88.1,114.1,81.9,113.1,80.4,105.2,84.4,103.6,85.7,102.7,88.3,104.2,85.9,107.7,86.4,107.9,86.3,102.6,102.7,112.9,89.2,114,112.5,101.5,93.8
6-May,121.8,91.6,118.9,84.5,115,95,114.2,93,111.1,85,109.1,82.7,99.8,85.1,99.4,84.4,102.6,87.5,105.8,86.6,109.8,84.8,110.1,88.7,101.5,103.2,119.1,96.4,120.1,118.2,105.8,100.2
6-Jun,118.3,91.6,112.8,84.5,113.4,95,113.6,93,108.8,85,108,82.7,101.4,85.1,101.9,84.4,106.3,87.5,104.9,86.6,108.8,84.8,108.2,88.7,98.3,101.9,115.4,96.4,118.3,116.7,107.5,100.2
6-Jul,119.2,90.8,118.1,83.7,117.8,94.1,115.4,85.8,116.5,84.2,115.6,81.9,109,84.3,106.1,83.7,114.7,86.7,110.9,85.8,112.1,84,114.2,87.9,106.1,108,117.6,95.5,117.2,115.2,105.8,99.3
6-Aug,122.3,90.8,119.4,83.7,118.2,94.1,117.1,85.8,116,84.2,114.7,81.9,107.1,84.3,102.6,83.7,116,86.7,114.3,85.8,117.6,84,117,87.9,110.4,111.4,116.6,95.5,119.7,118,111.5,99.3
6-Sep,107.8,86.2,100.1,78.9,99.4,89.2,99.9,82.9,93.3,76.7,94.4,77.1,88.8,78.3,83.5,82.9,100,91.1,93.3,90.4,95.1,86.1,94.7,89.2,87.1,88.2,101.5,96.6,102.1,100.5,107.5,102.2
6-Oct,100.5,76.4,93,68.7,94,80.9,90.2,74.1,87.1,69.4,89.6,71.2,87.4,77.3,83.8,77.5,92.7,76.3,89.1,78.1,91.5,77.8,89.9,82.4,79.4,83.6,99,79.2,99.8,99,93.5,85.6
6-Nov,100,76,93.5,68.7,92,78.6,89.7,74.3,88.9,69.4,93.1,71.2,87.1,72.8,84.7,75.8,93,78.6,87.7,75.9,88.7,76.2,87,79.3,81,81.9,99.9,83.1,98.8,97.5,92.3,87.1
6-Dec,103,79.8,99.7,74.5,99.6,75.5,93.5,81.4,96.9,76.6,97.3,76.2,91.3,74.9,88.9,81.1,92.2,76.6,87.5,77.1,88.7,76,89.6,79.3,83.4,81.7,104,84.1,102.3,101,96.8,88.3
7-Jan,103.5,83.1,97.5,74.5,97.6,78,94.1,83.3,93.5,79.7,92.4,77.1,85.3,82,81.6,80.7,96.7,90.8,87.8,93.9,92,92.4,90.9,93,83.4,83.3,102.9,94.4,104.8,103.3,101.5,99.9
7-Feb,99.7,80.6,95.5,74,96,79.1,90.1,83.1,93.3,79.7,94.8,80.3,92.5,84.7,89.5,83.1,93.1,86.2,87.1,85.8,91.3,84.8,92,86,86.2,85.9,102.6,89.5,99.7,98,96.5,95.4
7-Mar,113,83.3,108.7,77.1,110.6,81.5,103.7,86.8,108,81.6,108.6,81.2,102.9,84.9,102.1,88.1,103.8,91.4,97.5,88.1,100.7,90.6,101.1,90.5,96.8,96.8,110.6,90.2,108.9,106.9,98,95.5
7-Apr,117,89.9,113.9,77.1,114.3,83.6,106.6,87,109.4,83.1,113.3,81,105.1,85.6,102.3,87.8,109.6,91.4,102.1,90.8,104.3,90.5,104.8,90.2,101.3,101,119.3,93.2,117.6,116.9,100.8,98.1
7-May,120,88.7,116,78.2,117,83.6,111,89.2,116.8,81.2,117.1,79.9,110.1,85.8,106.7,86.1,112.7,88.5,110.8,89.6,116.3,86.8,113.4,89.7,108.4,110.8,126.8,90.7,123.9,122.7,101,97.5
7-Jun,122,88.7,113.5,78.2,114.3,83.6,109.8,89.2,110.8,81.2,109.5,79.9,107,85.8,103.7,86.1,115.6,88.5,111.3,89.6,111.3,86.8,111.4,89.7,104.3,106,113.7,90.7,113.6,112.4,98.8,97.5
7-Jul,119.5,88.7,110,78.2,116.2,83.6,108.9,89.2,113,81.2,109.9,79.9,104.4,85.8,101.9,86.1,115.5,88.5,111.5,89.6,114.6,86.8,113.7,89.7,108.2,108.9,111.8,90.7,112.8,111.4,98.3,97.5
7-Aug,115.2,88.7,105,78.2,106.2,83.6,101.5,89.2,106.8,81.2,106.4,79.9,99,85.8,96.9,86.1,111.3,88.5,104.7,89.6,107.3,86.8,106.6,89.7,99.6,103.5,107.4,90.7,107.9,106.8,101.3,97.5
7-Sep,112.7,84.5,104,77,109.4,83.7,103.1,89.4,103.8,80.8,105.8,79,101,86.8,98.3,87.3,113.5,90.5,107,90.2,109,91.2,108.8,90.8,103,104.1,108.5,90.1,108.9,107.7,100,98.3
7-Oct,112,87.9,102.1,81.8,105.8,83.7,100.1,90.3,103,83.9,105.3,81.5,98.1,86.8,96,88.8,103.6,91.4,100.3,89.1,101.6,93.9,100.4,92.6,94.5,95.1,104.6,97.6,102.9,101.8,102.8,102.8
7-Nov,113.6,86.6,105,84.5,111.9,88.2,105,96.5,107.5,88.5,107.8,86.7,103.7,88.6,101.4,90.9,107.9,93.2,100.7,93.7,104.4,100.2,103.2,95.5,96.8,99.7,109.5,101.9,106.2,104.5,109.8,107
7-Dec,119,100.8,109,93.2,114,96,108.3,103.1,114.1,98,112.6,97.2,104.8,99.2,101.9,100.1,109.4,103.5,103.3,108,104.8,110.2,104.5,100.7,97,99.6,108.7,102.6,108.7,107.4,113.5,111.6
8-Jan,119,99.9,110,93.1,116.7,99.3,109.2,104.4,115.6,103.1,114.9,100.4,106.6,102.8,104.3,102,107.7,103.7,105.5,104.7,107,102.5,107.4,105.1,101.2,102.1,108.7,99,109.2,107.7,109.5,109.5
8-Feb,117.8,98.8,109.8,92.1,114.2,98.3,107.3,101.2,115.1,103.1,116.7,100.8,107.9,101.8,104.3,101.4,109,103.5,107.4,100.3,107.3,104.2,108.2,103.7,102.3,103.5,112.9,100.3,110.7,109.4,108.8,109.5
8-Mar,123.7,107.4,114,98.4,119.7,100.7,112.8,114.4,116.6,111,118.3,111,109.9,109.9,107.9,108.3,115,113.4,111.3,110.1,113.2,114.3,113.7,110.1,107.3,107.9,119.3,112.7,116.9,116,123.8,120.3
8-Apr,125,119,117,108.7,123,110.9,114.8,121.5,120.3,123.3,124.8,116.2,116.7,115,115.2,115.9,121.8,122,118.9,118.9,121.8,120.2,121.4,112.1,114.3,116.1,125.5,119.7,123.6,122.7,129.8,128.1
8-May,136.8,119.3,130,112.4,134.1,116.8,127.5,129.5,135.6,126.4,136.3,128.6,126,127.5,125.8,125.7,132.4,125.8,126.4,125.1,130.8,124.3,128.8,122.2,123.7,123.9,135,128.2,134.9,133.8,139,135.2
8-Jun,144.8,119.3,139.4,112.4,142.4,116.8,135.2,129.5,144.8,126.4,144.4,128.6,133,127.5,133,125.7,139.2,125.8,133,125.1,137.8,124.3,136.7,122.2,129.3,130.8,146,128.2,144.7,143.5,146.8,135.2
8-Jul,149.7,119.3,141.5,112.4,144.7,116.8,139.1,129.5,142.3,126.4,147.1,128.6,133.6,127.5,133.5,125.7,142,125.8,136.3,125.1,136.5,124.3,135.3,122.2,131.3,133.1,149.1,130.9,150.9,150.5,149.5,137.9
8-Aug,139.1,119.3,131.5,112.4,134.4,116.8,127.8,129.5,129.6,126.4,132.2,128.6,124.2,127.5,125.6,125.7,134.3,125.8,131.1,125.1,130.8,124.3,130.7,122.2,124.4,125.4,142.3,130.9,143.2,142,141.5,137.9
8-Sep,142,118.7,133.4,114.2,135.7,117.9,130.9,121.4,134,118.5,134.9,115.9,124.4,116.1,125.1,121.9,137.8,125.9,135.7,123.7,136.1,121.7,135.1,121.7,126.2,127.6,140.8,125.7,139.7,138.2,138,140.7
8-Oct,130,110.8,113.8,103.2,118.7,109.1,115,117.3,117,107.4,116.4,111.2,107.1,111.6,107.1,113.7,121.3,127.7,118.5,121.9,118.7,121.8,116.2,117.8,111.2,110.8,123.5,118.4,125,123.1,131.9,132.9
8-Nov,103.7,96.9,91.2,91.3,93.1,89.7,90.4,98.7,91.1,93.5,91.8,93.1,84,99.7,83.9,99,99.8,116.8,93.6,114.5,92.4,113.5,92.1,110.8,86.2,86.5,99.5,107.6,99.7,98.9,116.2,123.4
8-Dec,91.7,84.5,77.4,76.8,80.3,83,77.8,84.5,80.2,85.2,82,83.4,75.2,88.5,75.8,87.7,89.6,99.8,80.5,95.1,79.1,88.5,80.6,90.5,73.1,72.7,87.8,85.3,85.7,84.4,102.2,105.5
9-Jan,87.5,77.6,78.4,73.7,80,77.3,76.2,86.8,84.7,83.1,86.4,81.2,77.7,85,80.2,85.2,86.1,88.5,80.9,91.3,85.4,88.7,84.8,87.3,77,76.9,95.3,82.3,93.7,91.7,94.4,92
9-Feb,94.3,75.6,87.4,71.5,89.4,71.8,84.7,77.4,90,79.3,91.3,77.3,82.7,80.8,82.5,80.2,91.6,84.3,86.9,84.6,90.8,80.5,89.8,80.1,82.1,82.9,97.7,79.7,97.2,96.3,89.9,90.9
9-Mar,95,67.6,87,65.5,88.8,68,84.5,72.6,90.2,73.3,92,74.4,83.3,75.4,85.5,75.4,88.2,80.4,86.3,75.7,91,70.3,90.6,72.3,83.8,83.3,102,70.1,97.9,96.4,86.2,80.7
9-Apr,98.2,71,89.7,68.6,93.1,74.6,87.8,78.3,90.3,77.8,92.7,75,84.8,80.3,85.9,80.5,90.8,81.5,89.2,79.6,93.4,77.5,95,78.8,85.1,84.5,103.3,81.8,99.9,98.5,92.7,91.1
9-May,103.1,68.7,95,66.5,99,71.1,93.7,73,97.6,73.5,101.5,71.7,92.1,75.7,95.5,80.3,99.5,80.1,93.4,75.6,97.7,74.7,96.3,75.7,90.6,89.4,107.4,81.5,105.7,105,90.9,92.5
9-Jun,111.1,68.7,106.2,66.5,108.6,71.1,102.3,73,107.4,73.5,107.8,71.7,97.8,75.7,100.2,80.3,108.1,80.1,102.7,75.6,106.4,74.7,107.2,75.7,95.7,97.5,114,81.5,108.5,107.2,92.4,92.5
9-Jul,112.9,68.7,102,66.5,103.8,71.1,99.7,73,102.2,73.5,102.6,71.7,92.4,75.7,94.8,80.3,108.2,80,100.9,75.6,102.1,74.7,101.9,75.7,92.4,93.5,111.9,82.9,107.2,105.2,96.9,93.9
9-Aug,110.5,68.7,104.6,66.5,106.7,71.1,101.1,73,105.5,73.5,106.7,71.7,96.5,75.7,99.4,80.3,107.5,80,99.6,75.6,102.7,74.7,102.6,75.7,95.8,95.1,112.8,82.9,106.4,105.7,96.5,93.9
9-Sep,112.1,80.5,103,78.1,105.3,77.2,100,82.7,102.8,77.5,105.2,75.1,94.6,77.8,96.2,82.9,106.3,84.9,100.1,88.1,101.1,83.3,101.1,86.4,92.9,94.5,115.4,90,109.1,108.1,100.4,96.6
9-Oct,106,76.3,98.9,72.7,101.6,73.9,95.8,82.6,99.8,78.6,102.5,74.4,94.5,80.1,96.7,80.4,101.1,86.2,95.8,85.7,96.6,79.3,96.5,83.8,90.1,90.8,107.5,86.7,102.1,101.1,98.9,94.3
9-Nov,114.5,85.5,106,83.8,109.1,82.5,102.3,89.8,102,88.4,106.6,84.3,97.5,88.3,99.2,90,102.5,93.7,99.1,93.9,100.3,91.1,99.2,91.6,91.4,92.2,111.2,91,106.6,105.4,100.7,99
9-Dec,112,83.1,101.7,81.9,104.4,82.5,100.2,87.4,101.2,87.6,103.9,84.1,95,89.2,95.6,88.4,97.7,93.7,96.5,91.4,94.7,87.8,94.1,89.3,88.2,87.6,109.3,88,105.1,103.9,99,100.6
10-Jan,112.4,84.2,104.6,82.7,108.9,86.3,102.7,91.9,105.9,92.5,108.7,89.2,98.3,94.1,99.7,92.4,104.1,94,98.9,95.9,99.7,92.4,100.3,92.2,92.6,92.9,113.9,92.9,105.4,103.8,102.1,102.5
10-Feb,109.4,84.1,103,78.9,106.6,83.2,100.4,87.6,102.5,90.1,106.6,85.7,98.3,92.7,98.3,90.1,103.9,93.7,98.6,91.5,98.5,84.7,99.4,87.8,88.9,90.8,113.2,92.6,102.8,102.5,100.3,103.2
10-Mar,113,86.7,106.7,82.2,111.3,83.2,104.6,89.8,108.5,91,111.3,85.8,101.2,93,101.7,89.9,101.9,93.3,97.8,92.2,100.9,87.4,100.8,87.7,92.9,93.1,116.9,96.5,106.5,105.4,103.4,107.8
10-Apr,113.7,89.7,107.6,82.2,110.5,84.6,104.7,91.6,105.8,92.9,111.8,87.4,101.4,93.7,101.4,92.4,107.1,93.9,98.8,92.8,103,88.9,102.4,89.1,92.8,93.8,118.2,101.4,106.9,106.1,109.2,109.6
10-May,115.3,89.2,105.8,83.3,109.1,84.6,104.2,92.8,108.1,90.7,109.5,86.8,99.8,90.9,99.6,91.6,110,93.7,98.8,93.3,105.5,88.4,105.4,94.4,95.2,96,119,99.7,110.7,109.7,109.8,108.1
10-Jun,110,89.2,102.8,83.3,104.3,84.6,99.1,92.8,102,90.7,106.8,86.8,98.1,90.9,96.7,91.6,107.3,93.7,95.8,93.3,101,88.4,99.5,94.4,89.5,89.4,117.8,99.7,112.1,110.9,109.2,108.1
10-Jul,111.1,89.2,103.6,83.3,108.6,84.6,100.5,92.8,104,90.7,106.1,86.8,104.2,97.9,104.3,98.6,110,100.8,94.3,93.3,99.4,88.4,100.8,94.4,89.8,92.3,121.3,100.6,113.2,112,110.4,109.1
10-Aug,111.8,89.2,103.2,83.3,109,84.6,100.8,92.8,105.5,90.7,106,86.8,102.6,97.9,102.6,98.6,109.5,100.8,97.5,93.3,99,88.4,99.4,94.4,91.1,94.6,122.5,100.6,113.2,112,109.9,109.1
10-Sep,109.3,85.2,102.3,79.1,107.2,84.6,98.9,88.4,102.4,86.2,107.9,82.5,104.5,92.6,102.6,97.6,107.5,95.6,99.1,91.1,100.6,87.9,101.4,94.4,90.8,93.9,119.4,102.9,113.2,112,112.2,107.7
10-Oct,113.1,90,105.5,85.4,112.9,86,103,94.9,108,89.7,113.7,87.3,109.1,96.5,106.8,100.1,108.8,97.9,96.1,96.2,103.7,94.9,101.7,94,93.4,95.2,120.1,107.6,111.1,109.9,115.2,110.6
10-Nov,114.7,91.1,107.3,85.9,112.5,87,104.8,93.9,111.2,94.2,116.8,92.9,111.4,99.3,109.4,102.6,112.1,100.4,95.8,99.3,103.4,99,100.2,94.7,90.9,92.3,120.5,102.6,114.6,112.7,115.9,112.9
10-Dec,119.4,93,110.8,89,118.5,90.2,109.5,96.6,115.2,101.2,119.3,96.8,113.7,108.4,111.1,108.1,121.7,105.7,99,103.8,104.4,102.2,104.6,96.2,97.2,97.5,122.8,103.9,114.4,112.9,114.4,114.3
11-Jan,123.6,97.5,113.5,91.7,121,95.4,112.6,101.1,117.4,103.1,121.6,99.9,117.5,112.9,114.6,113,121.4,111,106.2,104.7,111.4,107.8,109.8,103.1,102.7,103.8,124.8,104.6,117,114.7,113.7,114.3
11-Feb,122.8,103.6,115.4,97,119.7,99.2,112.4,107.6,118.3,112.6,122,109.7,116.9,117.1,115.7,115.6,121.3,113.4,108.3,106.7,111.7,106.7,111.4,104.5,103,103.3,126.3,110.3,119,116.9,122.5,116.2
11-Mar,129.4,111,123,102.8,129.7,107.7,120.6,115.7,125,118.9,132.1,115.1,123.9,125,121.6,125.3,130.3,121.6,115.7,111.6,117.8,114.1,119.8,106.2,111.2,112.3,134.6,121.1,127.2,125.1,126.7,127.3
11-Apr,138.8,114.2,129.3,108,136.7,111.7,131,116.1,135.9,121.9,141.1,117.6,130.5,126.5,131.9,128.1,135.4,126.4,120.6,116.8,125.7,117.9,126.6,105.4,116.3,116.5,139.9,121.2,132.6,130.2,129.1,133.2
11-May,140.6,112.9,131,108.3,137.2,108.9,130.1,110.1,136,115.7,140,111.8,130.5,123.1,134.8,123.1,144.3,126.8,127.5,112.5,133,111.4,131.7,91.7,121.5,122.8,142,121.2,134.6,131.6,129.2,132.9
11-Jun,133.3,112.9,127.4,108.3,130.4,108.9,126.4,110.1,129.9,115.7,134.9,111.8,128.5,123.1,130.6,123.1,140.1,126.8,119.8,112.5,126.5,111.4,125.1,91.7,111.4,114.8,139,121.2,131.1,129.1,129.3,132.9
11-Jul,132.8,112.9,125.6,108.3,131,108.9,127.7,110.1,132.2,115.7,135.8,111.8,130.1,123.1,130.6,123.1,131.2,126.8,116.6,112.5,122.9,111.4,121.3,91.7,110.6,113.6,137,122.6,126.6,124.4,128.2,134.2
11-Aug,135.1,112.9,125.7,108.3,129.8,108.9,128.5,110.1,129.7,115.7,135.6,111.8,129.1,123.1,128.3,123.1,134,126.8,116.4,112.5,122.5,111.4,121.6,91.7,110.4,112.4,136.4,122.6,125.6,123,128.2,134.2
11-Sep,135.1,109.6,127.1,104.6,132.7,106.5,129.9,114.1,130,116.5,133.6,110.3,128.1,112.2,126.5,120.3,135.3,122.2,114.5,112.7,126.1,111.1,123.3,105.8,108.9,112.1,140.7,120.2,130.7,127.9,130,131.9
11-Oct,133.1,109.2,124.8,104.6,131.6,106,128,114.2,130.7,111.6,134,107.2,126.4,117.1,125.5,119.1,133.1,124.2,117,117.1,122.5,114.9,120.4,111.4,109.8,112.4,141.6,124.1,130.9,125.4,134.3,132.6
11-Nov,131.3,113.2,122.7,107.5,130.6,109,126.2,115.7,128.5,118.8,132.5,114.1,124.1,125.3,121.5,124.9,126.3,131.3,114.1,124.4,121.9,123.2,117.8,111.1,104.1,107.3,135.8,127.3,119.8,120,137.9,134.2
11-Dec,126.9,114.7,121,110,126.1,111.3,125.8,118.6,125,118.4,129.6,118.2,121.3,129.5,119.2,122.8,122.9,130.2,107.1,121.7,116.8,121.4,111.7,113.2,100,103.5,129.4,119.4,111,112.6,134.9,133
12-Jan,132.6,111.4,123.3,104.3,133,112.9,127.4,116.2,131.6,121.8,135,120.9,124,131.8,122.7,124.9,124.2,126.2,108.8,119,116.4,116.6,114.3,114,101.8,104.8,131.1,122.9,115.8,116.7,131.4,132.8
12-Feb,136.1,114.2,127.4,111.6,136.9,113.4,131.4,119.1,133.8,123.7,138.8,122.5,127.1,133.3,126.6,126.9,128.7,124.3,109.1,116.4,115.7,111.9,115.2,112.5,103.9,106.9,132.4,122.4,116.1,114.4,130.4,130.7
12-Mar,141.9,117.4,132.8,114.1,140.4,115.6,135.7,123.3,137.3,124.1,141.6,123.6,129.5,132.9,131.7,129.9,135.4,128.3,117.7,119,121.5,116.1,122.6,115.7,113,114.2,144.1,133.9,129.8,128.5,142.2,141.5
12-Apr,146.9,118.2,138.8,113.1,147.6,114.7,141.3,120.3,141.4,123,145.7,121.5,132.9,131.4,135.7,130.1,141,127.9,124.1,119.6,126.4,114.3,126.6,114.6,117.6,120,145.6,134.5,129.1,130.7,141.7,142.2
12-May,138.5,114.1,130.9,108.9,135.9,111.1,132.4,118.5,137.3,117.6,138,119.5,127.8,128.8,129.7,125.8,140.2,124.2,122.6,115.7,126.1,108.8,126,113.4,112.5,114.7,147.2,128,133.6,131.8,138.9,139.4
12-Jun,131.2,114.1,125.4,108.9,128.9,111.1,126.6,118.5,130.1,117.6,134,119.5,121.4,128.8,123.9,125.8,137.2,124.2,122.2,115.7,124.9,108.8,125.7,113.4,114.1,115.4,144.9,128,134.5,130.1,131.2,139.4
12-Jul,128.5,114.1,121.5,108.9,129.8,111.1,123.7,118.5,131.7,117.6,134.4,119.5,124.2,128.8,126.1,125.8,135.5,124.2,121.9,115.7,125.9,108.8,125.7,113.4,110.4,113.4,141.2,129.3,126.6,123.9,128.1,140.8
12-Aug,134.6,114.1,127.6,108.9,135.1,111.1,128.8,118.5,137.6,117.6,140.8,119.5,127.4,128.8,129.8,125.8,134.6,124.2,121.8,115.7,125.9,108.8,125.6,113.4,113.2,114.9,140.4,129.3,126.4,126.2,128.2,140.8
12-Sep,142.1,115.9,136.3,110.6,141.8,109.6,137.4,119.2,141.2,119.9,142.6,114.9,129.9,114.1,131.2,123.6,138.3,125.2,124.3,114.3,128.2,110.8,127.6,112.7,119,118.5,138.2,124.5,126.2,124.7,134.9,128.7
12-Oct,140.9,115,135.7,110.6,139.8,110.9,135.4,118.5,140.1,114.5,141.3,114.5,127.3,117.8,127.5,121.3,139.3,123.4,126.7,113,128.7,108.9,129.6,112,114.8,117.7,139.6,120.1,127.7,126,131.2,128
12-Nov,132.2,113.6,125.4,112.7,130.3,112.6,125.3,117.7,130.3,113.4,135.8,114.6,124.4,120.8,123.1,121.8,133.6,123.5,115.6,112,118,108.1,120.8,96.1,102.4,107.5,129.4,114.7,116.5,114.2,125.4,128.3
12-Dec,129.6,114,124.5,110.6,127.4,112.6,123.7,117.5,125.3,118,131.8,115.8,120.8,123.8,121.7,122.5,130.7,125.3,109.5,115.5,108.9,111.7,110,94.4,103.3,101.7,125.6,120.6,115.3,113.7,127.2,129.4
13-Jan,130.9,113.6,125.2,111.6,131.4,112.4,125.4,117.5,131.5,120.7,132.5,119.7,122.7,129.5,123,127.1,126,125.3,105.1,116.5,105.7,112.4,103.4,94.4,93.4,96.5,129.3,121.5,117.3,115,128.9,130.8
13-Feb,,117.7,,115.8,,118.7,,121.8,,126,,129.1,,137.4,,133.5,,132.2,,122.3,,115.2,,97.3,,,,130.2,,123.5,139.2,135.3
13-Mar,,106.4,,118.5,,118.8,,119,,122.6,,122.9,,137.5,,134,,133.3,,123.1,,117,,92.8,,,,129.5,,123.9,137.2,136.7
13-Apr,,102.4,,111.6,,115.1,,116.4,,118,,119.4,,129.9,,132.5,,129.2,,119.3,,114.7,,90.2,,,,127,,126.1,135.4,136.6
13-May,,96.1,,103.7,,110.6,,108.9,,111.5,,111.2,,122.7,,121.6,,126.2,,114.7,,110.6,,91.4,,,,122.1,,132.3,132.2,133.8
13-Jun,,98.8,,101.6,,109.5,,109.1,,114.5,,112.3,,117.5,,119.7,,125.5,,116.5,,113.2,,93.5,,,,121.8,,135.2,131.4,135.9
13-Jul,,101.7,,104.8,,112.4,,112,,116.1,,113.5,,117.5,,120.5,,125.1,,114.9,,112.9,,95,,,,127.3,,138.1,132.7,134.8
13-Aug,,104.2,,107.1,,112.4,,115.9,,117.6,,113.3,,113.7,,121.6,,125.8,,113.6,,113.4,,97.1,,,,125.8,,135.9,135.9,133.1
13-Sep,,110.4,,111.3,,114.3,,122.1,,116.8,,118.2,,119.4,,128.4,,129.2,,118.5,,117.3,,117.1,,,,129.8,,133.4,138.9,132
13-Oct,,104.6,,110.3,,113.6,,115.5,,117.2,,118.8,,120.9,,124.2,,129.8,,122.9,,118.6,,118.2,,,,128,,125.7,135.9,131.3
13-Nov,,105.5,,113.2,,115.7,,116.3,,117.6,,118.8,,122,,127,,131.3,,126.2,,120.3,,122.8,,,,129.5,,119.2,135.2,132.7
13-Dec,,109.8,,117.4,,118.9,,124.8,,124.1,,125.2,,132.5,,132.8,,136.3,,129.9,,123.5,,128.7,,,,130.4,,117,137.7,134.8
14-Jan,,112.2,,121.1,,125,,129.3,,132.2,,132.2,,137.9,,137.5,,142.7,,132.4,,130.2,,125.2,,,,130.4,,118.2,137.7,135.9
14-Feb,,115.7,,125.3,,130.8,,133.5,,142.1,,141.1,,146.9,,143.6,,145,,136.7,,136.4,,136.3,,,,134.5,,119.7,144.4,142
14-Mar,,115.9,,127.4,,132.2,,133.9,,134.8,,135.4,,143.9,,143.1,,144.6,,136.3,,136.7,,135.2,,,,135,,128.2,144.4,143.2
14-Apr,,110.8,,119,,131,,126.4,,129.9,,131.5,,140.4,,138.1,,143.4,,131.6,,132.6,,130.8,,,,132.4,,136.3,139.9,143.6
14-May,,108.2,,115.8,,129.3,,123.2,,124.9,,124.3,,137.1,,136.3,,142.2,,129.7,,131.8,,131,,,,131.7,,139.2,139.9,144.3
14-Jun,,106.1,,112.1,,128.7,,121.7,,121.4,,119.9,,128.4,,134.9,,138.8,,125.6,,128.2,,126.5,,,,132.7,,138.8,140.7,141.8
14-Jul,,106.2,,112.1,,127.3,,122.5,,117.6,,119.5,,125.8,,133.1,,136.3,,125.3,,126.2,,127.8,,,,129.4,,136.1,140.4,142.5
14-Aug,,107.9,,107.4,,125.5,,119.3,,117.6,,114.1,,125.8,,130.9,,127.8,,121.5,,127.3,,123.7,,,,131.2,,131.2,139.4,143.6
14-Sep,,104.4,,108.5,,124.5,,124.3,,116.4,,114.5,,124.6,,130.3,,128.3,,121.4,,126.2,,120.7,,,,136.3,,130.3,143.2,140.8
14-Oct,,104.3,,107.4,,121.3,,123.5,,111.5,,113,,124.6,,124.8,,128.3,,116.5,,117.7,,117.8,,,,129.5,,120.3,134.9,138
14-Nov,,98.8,,101.1,,117.9,,121.3,,113.8,,114.6,,118.3,,123.3,,132.9,,126.7,,134.7,,128.7,,,,125.3,,113.5,132.4,134.8
14-Dec,,95.9,,99,,113.6,,115.9,,108.4,,111.1,,120.1,,121,,124.3,,120.4,,118,,117.3,,,,117,,108.5,123.9,134.7
15-Jan,,78.9,,90.5,,103.4,,102.4,,99.6,,106.1,,112.2,,115.1,,106.6,,104.6,,105.2,,100.6,,,,100.9,,98.9,108.2,125
15-Feb,,79.7,,92.9,,104.2,,105.8,,101.9,,106.9,,112.2,,112.8,,112.1,,102.9,,110.9,,105,,,,108.7,,103.2,117.9,118.7
15-Mar,,87.8,,104.2,,116.5,,118.3,,114.9,,118.4,,126.5,,121.8,,120.2,,102.6,,101.8,,103.9,,,,114.3,,120.5,121.7,120.4
15-Apr,,78.1,,91,,106.3,,102.5,,102.6,,104.9,,118.2,,117.4,,110.1,,99.8,,94.8,,90,,,,111,,118.3,115.2,118.9
15-May,,85.2,,87.9,,102.1,,103.9,,99.6,,101.3,,114.9,,114.9,,105.3,,93.7,,96.2,,93.5,,,,110.3,,124.6,121.7,120.3
15-Jun,,84.8,,87.9,,101.8,,103.2,,100.7,,100.4,,111.8,,113.8,,106.1,,97.3,,94.6,,91.6,,,,113.5,,126.8,121.4,120.8
15-Jul,,88.3,,85.3,,101.8,,100.7,,100.7,,102.8,,109.2,,111.2,,106.9,,92.6,,91.3,,91.2,,,,114.1,,128.2,120.9,121.5
15-Aug,,80.3,,81.8,,94,,93.8,,91.9,,95.6,,102.8,,106.7,,103.7,,90.7,,93.2,,90,,,,102.9,,124.7,110.4,121.8
15-Sep,,80.5,,74.4,,89.8,,92.2,,91.6,,90.2,,90.7,,106.2,,105,,92.3,,91.8,,89.8,,,,104.2,,114.1,111.7,115.5
15-Oct,,82.7,,83.9,,93,,97.9,,85.8,,86.7,,95.3,,103.2,,109,,100.6,,98.6,,98.2,,,,102.5,,108.7,108.9,113.1
15-Nov,,81.7,,83.9,,90.4,,100.2,,91.9,,90.1,,104.1,,109.7,,109,,99.7,,94.1,,95.2,,,,104.2,,116.3,108.7,113.2
15-Dec,,80.4,,81.9,,88.3,,96.2,,85.4,,91.6,,106.7,,108.4,,108.5,,87.3,,91.6,,87.1,,,,93,,113.9,96.2,109.2
16-Jan,,70.4,,74.1,,84.1,,88.8,,82,,83.7,,102.8,,99.8,,100.2,,79.6,,83,,78.8,,,,83.6,,103.7,91.7,103.9
16-Feb,,67.6,,73.1,,81.5,,84.2,,77.4,,80.9,,98.6,,96.4,,92.4,,75.6,,78.1,,74.1,,,,81.2,,98.1,91.9,101.1
16-Mar,,66.7,,73.1,,81.6,,81.8,,77,,82,,99,,97.1,,94.4,,81.3,,81.1,,79.2,,,,84.7,,105.9,92.7,102.1
16-Apr,,67.7,,76.3,,84.8,,77.1,,71.6,,80.3,,99,,96.6,,91.1,,80.3,,81.6,,77.4,,,,85.3,,105.9,94.4,104.2
16-May,,76,,71.1,,87.4,,83.3,,69.7,,81.4,,99,,97.3,,95.6,,83.5,,84.5,,83.4,,,,94.5,,112.8,104.9,104.2
16-Jun,,82.6,,74.8,,88.3,,89.9,,81.2,,87.1,,92.6,,99.8,,102,,89.3,,90,,91.7,,,,105,,114.9,113.2,106.7
16-Jul,,82.8,,74.8,,88.8,,90.3,,82,,85.9,,92.6,,99.8,,101.2,,90.7,,89.1,,89.3,,,,108.1,,113.9,110.4,106.7
16-Aug,,74.8,,70,,88.8,,82.6,,76.2,,83.3,,92.6,,96.4,,99,,87.9,,88.2,,88.6,,,,103,,112.6,106.2,106.7
16-Sep,,79.8,,73.7,,89.3,,90.4,,79.7,,81.4,,92.6,,94.8,,99.5,,90.8,,88.8,,89.1,,,,104.1,,118.3,108.7,106.7
16-Oct,,82.7,,79.1,,87.7,,99,,85,,88.6,,94.3,,98.6,,108.3,,97.1,,95.7,,99.9,,,,108.8,,119.5,112.2,110.1
16-Nov,,84.9,,87.5,,89.9,,99.6,,88.5,,93.5,,101.2,,102.1,,105,,95.1,,91,,92.8,,,,106.7,,120.2,111.2,113.1
16-Dec,,83.1,,82.8,,92.2,,98.5,,96.1,,101.6,,107.4,,110.3,,106.7,,96.9,,97.7,,98,,,,110.5,,114.2,111.2,115.5
17-Jan,,91.1,,86,,96.2,,107.2,,96.5,,103.9,,118.4,,118.8,,114.5,,98,,100.6,,97.8,,,,110.7,,124,113.9,119.7
17-Feb,,87.3,,83.4,,96.1,,103.3,,95.8,,101.2,,118.3,,118.1,,113.9,,97.5,,100,,96.6,,,,109.3,,116.9,110.4,120.1
17-Mar,,86.8,,83.6,,96.7,,101.7,,93.5,,98.7,,118.6,,117,,117,,98.5,,99.8,,95.2,,,,106.5,,125.8,110.7,120.1
17-Apr,,88.9,,82.3,,95.7,,98,,93.9,,97.1,,117.7,,116.1,,117.2,,97.9,,99.1,,98,,,,111.6,,128.8,113.9,119.4
17-May,,87.3,,80.4,,94.5,,94.6,,93,,95.9,,112.6,,115.4,,115,,92.2,,95.5,,89.7,,,,105.2,,125.7,112.6,119.4
17-Jun,,85.3,,77.9,,94.5,,92.9,,87.7,,89.3,,108.7,,114.9,,112.4,,90.3,,91.8,,87.3,,,,104.1,,124.5,112.4,119.4
17-Jul,,82.5,,72.9,,93,,90,,86.2,,84.8,,107,,112.7,,109.1,,88.2,,92.5,,87.9,,,,101.8,,121.8,110.4,118.3
17-Aug,,86,,75.9,,93,,94.2,,88.9,,87,,105.9,,111.8,,110.6,,90.1,,88.7,,85.7,,,,102,,127.7,112.5,117.9
17-Sep,,91.2,,80.1,,91.6,,101.8,,92.3,,91.4,,104.2,,114,,112.2,,93.9,,90.8,,89.1,,,,112,,129.3,118.1,119.1
17-Oct,,92.7,,82.7,,92.1,,102.5,,96.1,,92.6,,106.1,,112.9,,116.1,,102.7,,99.8,,96.2,,,,114.2,,127.3,121.6,122
17-Nov,,94.4,,88.9,,94.4,,107,,100.7,,101.9,,114.1,,119.7,,126.8,,112.1,,108.7,,106.2,,,,119.9,,134.1,125.7,127
